"Name","Kind","Refs","DefFiles","FirstFile","FirstLine","AnyPartial"
"BlockPlaceModule","class","1","MiniRPG.Shared\Core\World\BlockPlaceModule.cs","MiniRPG.Shared\Core\World\BlockPlaceModule.cs","9","False"
"DailySummaryBuilder","class","1","MiniRPG.Shared\Core\Event\DailySummaryBuilder.cs","MiniRPG.Shared\Core\Event\DailySummaryBuilder.cs","20","False"
"DialogSet","class","1","MiniRPG.Shared\Core\Data\DialogTypes.cs","MiniRPG.Shared\Core\Data\DialogTypes.cs","101","False"
"ENetSocketShutdown","enum","1","MiniRPG.Shared\Vendor\ENet\include\enet.cs","MiniRPG.Shared\Vendor\ENet\include\enet.cs","63","False"
"IHasId","interface","1","MiniRPG.Shared\Core\Data\PresetDB.cs","MiniRPG.Shared\Core\Data\PresetDB.cs","475","False"
"InMemoryLobbyService","class","1","MiniRPG.Shared\Core\Multiplayer\LobbyService.cs","MiniRPG.Shared\Core\Multiplayer\LobbyService.cs","102","False"
"ITagSourcePolymorphic","interface","1","MiniRPG.Shared\Core\Data\TagSystem.cs","MiniRPG.Shared\Core\Data\TagSystem.cs","128","False"
"NoopLocalServerLauncher","class","1","Module\Network\NoopLocalServerLauncher.cs","Module\Network\NoopLocalServerLauncher.cs","8","False"
"PanelTransition","class","1","Module\Panel\PanelTransition.cs","Module\Panel\PanelTransition.cs","13","False"
"ProtocolErrorCodeExtensions","class","1","MiniRPG.Shared\Core\Multiplayer\ProtocolErrorCodeExtensions.cs","MiniRPG.Shared\Core\Multiplayer\ProtocolErrorCodeExtensions.cs","5","False"
"PzWorldVisualRegistryStore","class","1","MiniRPG.Shared\Core\Data\PzWorldVisualRegistry.cs","MiniRPG.Shared\Core\Data\PzWorldVisualRegistry.cs","215","False"
"RecipeTagIds","class","1","MiniRPG.Shared\Core\Data\FacilityModels.cs","MiniRPG.Shared\Core\Data\FacilityModels.cs","114","False"
"RoomRoleIds","class","1","MiniRPG.Shared\Core\Data\FacilityModels.cs","MiniRPG.Shared\Core\Data\FacilityModels.cs","98","False"
"SurfaceFreeMoveTraversal","class","1","MiniRPG.Shared\Core\World\SurfaceFreeMoveTraversal.cs","MiniRPG.Shared\Core\World\SurfaceFreeMoveTraversal.cs","11","False"
"ArpeggioVoice","class","2","MiniRPG.Shared\Core\Music\Voices\ArpeggioVoice.cs","MiniRPG.Shared\Core\Music\Voices\ArpeggioVoice.cs","5","False"
"AttackEnemyExecutor","class","2","MiniRPG.Shared\Core\AI\Utility\Executors\CombatExecutors.cs","MiniRPG.Shared\Core\AI\Utility\Executors\CombatExecutors.cs","9","False"
"BassVoice","class","2","MiniRPG.Shared\Core\Music\Voices\BassVoice.cs","MiniRPG.Shared\Core\Music\Voices\BassVoice.cs","6","False"
"BlankFloorGenerator","class","2","MiniRPG.Shared\Core\World\Generators\BlankFloorGenerator.cs","MiniRPG.Shared\Core\World\Generators\BlankFloorGenerator.cs","6","False"
"BSPGenerator","class","2","MiniRPG.Shared\Core\World\Generators\BSPGenerator.cs","MiniRPG.Shared\Core\World\Generators\BSPGenerator.cs","12","False"
"ButcherYieldDef","class","2","MiniRPG.Shared\Core\Data\ItemContentDefinitions.cs","MiniRPG.Shared\Core\Data\ItemContentDefinitions.cs","69","False"
"ButtonHoverEffect","class","2","Module\Panel\ButtonHoverEffect.cs","Module\Panel\ButtonHoverEffect.cs","6","False"
"CellularAutomataGenerator","class","2","MiniRPG.Shared\Core\World\Generators\CellularAutomataGenerator.cs","MiniRPG.Shared\Core\World\Generators\CellularAutomataGenerator.cs","12","False"
"ChaseEnemyExecutor","class","2","MiniRPG.Shared\Core\AI\Utility\Executors\CombatExecutors.cs","MiniRPG.Shared\Core\AI\Utility\Executors\CombatExecutors.cs","40","False"
"ChordProgressionBank","class","2","MiniRPG.Shared\Core\Music\ChordProgressionBank.cs","MiniRPG.Shared\Core\Music\ChordProgressionBank.cs","6","False"
"ChunkTerrainSurfaceCacheStore","class","2","Module\Render\ChunkTerrainSurfaceCacheStore.cs","Module\Render\ChunkTerrainSurfaceCacheStore.cs","37","False"
"ClientCommandRouter","class","2","App\RuntimeUi\ClientCommandRouter.cs","App\RuntimeUi\ClientCommandRouter.cs","18","False"
"ClientPredictionState","class","2","App\RuntimeUi\ClientPredictionState.cs","App\RuntimeUi\ClientPredictionState.cs","6","False"
"ColdSnapIncidentWorker","class","2","MiniRPG.Shared\Core\Event\Workers\BuiltinIncidentWorkers.cs","MiniRPG.Shared\Core\Event\Workers\BuiltinIncidentWorkers.cs","253","False"
"CombatFxConfig","class","2","Module\Render\CombatFxRegistry.cs","Module\Render\CombatFxRegistry.cs","358","False"
"CombatFxSpecConfig","class","2","Module\Render\CombatFxRegistry.cs","Module\Render\CombatFxRegistry.cs","367","False"
"ConsiderationDef","class","2","MiniRPG.Shared\Core\AI\Utility\ConsiderationDef.cs","MiniRPG.Shared\Core\AI\Utility\ConsiderationDef.cs","3","False"
"ConversationTriggerMatcher","class","2","MiniRPG.Shared\Core\Conversation\ConversationTriggerMatcher.cs","MiniRPG.Shared\Core\Conversation\ConversationTriggerMatcher.cs","7","False"
"ConversationTriggers","class","2","MiniRPG.Shared\Core\Conversation\ConversationModels.cs","MiniRPG.Shared\Core\Conversation\ConversationModels.cs","98","False"
"CourtMateExecutor","class","2","MiniRPG.Shared\Core\AI\Utility\Executors\DemographicsExecutors.cs","MiniRPG.Shared\Core\AI\Utility\Executors\DemographicsExecutors.cs","87","False"
"DialogConditionMatcher","class","2","MiniRPG.Shared\Core\Data\DialogConditionMatcher.cs","MiniRPG.Shared\Core\Data\DialogConditionMatcher.cs","6","False"
"DialogEntry","class","2","MiniRPG.Shared\Core\Data\DialogTypes.cs","MiniRPG.Shared\Core\Data\DialogTypes.cs","6","False"
"DialogOption","class","2","MiniRPG.Shared\Core\Data\DialogTypes.cs","MiniRPG.Shared\Core\Data\DialogTypes.cs","63","False"
"DrinkWaterExecutor","class","2","MiniRPG.Shared\Core\AI\Utility\Executors\NeedExecutors.cs","MiniRPG.Shared\Core\AI\Utility\Executors\NeedExecutors.cs","82","False"
"DrunkardWalkGenerator","class","2","MiniRPG.Shared\Core\World\Generators\DrunkardWalkGenerator.cs","MiniRPG.Shared\Core\World\Generators\DrunkardWalkGenerator.cs","10","False"
"DwarfFortressGenerator","class","2","MiniRPG.Shared\Core\World\Generators\DwarfFortressGenerator.cs","MiniRPG.Shared\Core\World\Generators\DwarfFortressGenerator.cs","21","False"
"EatFoodExecutor","class","2","MiniRPG.Shared\Core\AI\Utility\Executors\NeedExecutors.cs","MiniRPG.Shared\Core\AI\Utility\Executors\NeedExecutors.cs","10","False"
"ENetArrayAttribute","class","2","MiniRPG.Shared\Vendor\ENet\include\enet.cs","MiniRPG.Shared\Vendor\ENet\include\enet.cs","719","False"
"ENetBuffers","struct","2","MiniRPG.Shared\Vendor\ENet\include\enet.cs","MiniRPG.Shared\Vendor\ENet\include\enet.cs","764","False"
"ENetProtocols","struct","2","MiniRPG.Shared\Vendor\ENet\include\enet.cs","MiniRPG.Shared\Vendor\ENet\include\enet.cs","727","False"
"EquipmentSpriteOverlay","class","2","App\RuntimeUi\EquipmentSpriteOverlay.cs","App\RuntimeUi\EquipmentSpriteOverlay.cs","19","False"
"EquipWarmClothingExecutor","class","2","MiniRPG.Shared\Core\AI\Utility\Executors\SurvivalExecutors.cs","MiniRPG.Shared\Core\AI\Utility\Executors\SurvivalExecutors.cs","149","False"
"EraseFixtureCommand","class","2","Module\Editor\MapEditorCommand.cs","Module\Editor\MapEditorCommand.cs","30","False"
"EraseTerrainCommand","class","2","Module\Editor\MapEditorCommand.cs","Module\Editor\MapEditorCommand.cs","24","False"
"ExtinguishNearbyFireExecutor","class","2","MiniRPG.Shared\Core\AI\Utility\Executors\SurvivalExecutors.cs","MiniRPG.Shared\Core\AI\Utility\Executors\SurvivalExecutors.cs","78","False"
"FleeCombatExecutor","class","2","MiniRPG.Shared\Core\AI\Utility\Executors\CombatExecutors.cs","MiniRPG.Shared\Core\AI\Utility\Executors\CombatExecutors.cs","79","False"
"FleeFireExecutor","class","2","MiniRPG.Shared\Core\AI\Utility\Executors\SurvivalExecutors.cs","MiniRPG.Shared\Core\AI\Utility\Executors\SurvivalExecutors.cs","19","False"
"FollowLeaderExecutor","class","2","MiniRPG.Shared\Core\AI\Utility\Executors\IdleExecutors.cs","MiniRPG.Shared\Core\AI\Utility\Executors\IdleExecutors.cs","9","False"
"GenesFile","class","2","MiniRPG.Shared\Core\Genetics\GeneCatalog.cs","MiniRPG.Shared\Core\Genetics\GeneCatalog.cs","26","False"
"HeatWaveIncidentWorker","class","2","MiniRPG.Shared\Core\Event\Workers\BuiltinIncidentWorkers.cs","MiniRPG.Shared\Core\Event\Workers\BuiltinIncidentWorkers.cs","292","False"
"HostedLobbyService","class","2","MiniRPG.Shared\Core\Multiplayer\HostedLobbyService.cs","MiniRPG.Shared\Core\Multiplayer\HostedLobbyService.cs","7","False"
"IdleExecutor","class","2","MiniRPG.Shared\Core\AI\Utility\Executors\IdleExecutors.cs","MiniRPG.Shared\Core\AI\Utility\Executors\IdleExecutors.cs","85","False"
"IEnvironmentExposureProvider","interface","2","MiniRPG.Shared\Core\Health\HealthModels.cs","MiniRPG.Shared\Core\Health\HealthModels.cs","208","False"
"InteractionPreset","class","2","MiniRPG.Shared\Core\Data\PresetDB.cs","MiniRPG.Shared\Core\Data\PresetDB.cs","173","False"
"InvestigateSuspiciousExecutor","class","2","MiniRPG.Shared\Core\AI\Utility\Executors\CombatExecutors.cs","MiniRPG.Shared\Core\AI\Utility\Executors\CombatExecutors.cs","128","False"
"ItemCategoryPreset","class","2","MiniRPG.Shared\Core\Data\PresetDB.cs","MiniRPG.Shared\Core\Data\PresetDB.cs","163","False"
"ItemDetailFormatter","class","2","MiniRPG.Shared\Core\Data\IdentificationModule.cs","MiniRPG.Shared\Core\Data\IdentificationModule.cs","154","False"
"ItemSizeFile","class","2","MiniRPG.Shared\Core\Data\ItemSizeRegistry.cs","MiniRPG.Shared\Core\Data\ItemSizeRegistry.cs","192","False"
"ItemWorldRenderConfig","class","2","Module\Render\ItemWorldRenderRegistry.cs","Module\Render\ItemWorldRenderRegistry.cs","186","False"
"JobExecuteExecutor","class","2","MiniRPG.Shared\Core\AI\Utility\Executors\JobExecutors.cs","MiniRPG.Shared\Core\AI\Utility\Executors\JobExecutors.cs","6","False"
"JobExecutor","class","2","MiniRPG.Shared\Core\Job\JobExecutor.cs","MiniRPG.Shared\Core\Job\JobExecutor.cs","14","False"
"LightFireExecutor","class","2","MiniRPG.Shared\Core\AI\Utility\Executors\SurvivalExecutors.cs","MiniRPG.Shared\Core\AI\Utility\Executors\SurvivalExecutors.cs","207","False"
"LobbyHttpService","class","2","MiniRPG.Shared\Core\Multiplayer\LobbyHttpService.cs","MiniRPG.Shared\Core\Multiplayer\LobbyHttpService.cs","12","False"
"LootService","class","2","MiniRPG.Shared\Module\LootService.cs","MiniRPG.Shared\Module\LootService.cs","6","False"
"MapEditorHistory","class","2","Module\Editor\MapEditorHistory.cs","Module\Editor\MapEditorHistory.cs","6","False"
"MelodyVoice","class","2","MiniRPG.Shared\Core\Music\Voices\MelodyVoice.cs","MiniRPG.Shared\Core\Music\Voices\MelodyVoice.cs","6","False"
"MentalBreakBerserkExecutor","class","2","MiniRPG.Shared\Core\AI\Utility\Executors\MentalBreakExecutors.cs","MiniRPG.Shared\Core\AI\Utility\Executors\MentalBreakExecutors.cs","10","False"
"MentalBreakBingeEatExecutor","class","2","MiniRPG.Shared\Core\AI\Utility\Executors\MentalBreakExecutors.cs","MiniRPG.Shared\Core\AI\Utility\Executors\MentalBreakExecutors.cs","80","False"
"MentalBreakCatatonicExecutor","class","2","MiniRPG.Shared\Core\AI\Utility\Executors\MentalBreakExecutors.cs","MiniRPG.Shared\Core\AI\Utility\Executors\MentalBreakExecutors.cs","62","False"
"MentalBreakFleeExecutor","class","2","MiniRPG.Shared\Core\AI\Utility\Executors\MentalBreakExecutors.cs","MiniRPG.Shared\Core\AI\Utility\Executors\MentalBreakExecutors.cs","114","False"
"MentalBreakModule","class","2","MiniRPG.Shared\Core\Needs\MentalBreakModule.cs","MiniRPG.Shared\Core\Needs\MentalBreakModule.cs","50","False"
"MultiLayerViewMode","class","2","MiniRPG.Shared\Module\Render\ViewModes.cs","MiniRPG.Shared\Module\Render\ViewModes.cs","44","False"
"NeedStageDef","class","2","MiniRPG.Shared\Core\Needs\NeedModels.cs","MiniRPG.Shared\Core\Needs\NeedModels.cs","79","False"
"PadVoice","class","2","MiniRPG.Shared\Core\Music\Voices\PadVoice.cs","MiniRPG.Shared\Core\Music\Voices\PadVoice.cs","5","False"
"PanelManagerSettingsFlowFocusHost","class","2","Module\Panel\SettingsFlowCoordinator.cs","Module\Panel\SettingsFlowCoordinator.cs","60","False"
"PassivePanel","class","2","Module\Panel\PanelManager.cs","Module\Panel\PanelManager.cs","453","False"
"PerlinGenerator","class","2","MiniRPG.Shared\Core\World\Generators\PerlinGenerator.cs","MiniRPG.Shared\Core\World\Generators\PerlinGenerator.cs","12","False"
"PersonalityModule","class","2","MiniRPG.Shared\Core\AI\Utility\PersonalityModule.cs","MiniRPG.Shared\Core\AI\Utility\PersonalityModule.cs","9","False"
"PlayerRestModeController","class","2","App\RuntimeUi\PlayerRestModeController.cs","App\RuntimeUi\PlayerRestModeController.cs","11","False"
"PresetScenarioManifest","class","2","MiniRPG.Shared\Core\Map\PresetScenarioCatalog.cs","MiniRPG.Shared\Core\Map\PresetScenarioCatalog.cs","29","False"
"ProvidedGridEntry","class","2","MiniRPG.Shared\Core\Data\ItemSizeRegistry.cs","MiniRPG.Shared\Core\Data\ItemSizeRegistry.cs","208","False"
"PzTileCatalogStore","class","2","MiniRPG.Shared\Core\Data\PzTileCatalog.cs","MiniRPG.Shared\Core\Data\PzTileCatalog.cs","62","False"
"PzWorldVisualCollectionSection","class","2","MiniRPG.Shared\Core\Data\PzWorldVisualRegistry.cs","MiniRPG.Shared\Core\Data\PzWorldVisualRegistry.cs","28","False"
"RaidIncidentWorker","class","2","MiniRPG.Shared\Core\Event\Workers\BuiltinIncidentWorkers.cs","MiniRPG.Shared\Core\Event\Workers\BuiltinIncidentWorkers.cs","19","False"
"RenderPerfTracer","class","2","Module\Render\RenderPerfTracer.cs","Module\Render\RenderPerfTracer.cs","6","False"
"RescueAllyFireExecutor","class","2","MiniRPG.Shared\Core\AI\Utility\Executors\SocialExecutors.cs","MiniRPG.Shared\Core\AI\Utility\Executors\SocialExecutors.cs","9","False"
"ResourceDropIncidentWorker","class","2","MiniRPG.Shared\Core\Event\Workers\BuiltinIncidentWorkers.cs","MiniRPG.Shared\Core\Event\Workers\BuiltinIncidentWorkers.cs","403","False"
"ResponseCurve","class","2","MiniRPG.Shared\Core\AI\Utility\ResponseCurve.cs","MiniRPG.Shared\Core\AI\Utility\ResponseCurve.cs","15","False"
"RestSleepExecutor","class","2","MiniRPG.Shared\Core\AI\Utility\Executors\NeedExecutors.cs","MiniRPG.Shared\Core\AI\Utility\Executors\NeedExecutors.cs","152","False"
"ReturnHomeExecutor","class","2","MiniRPG.Shared\Core\AI\Utility\Executors\IdleExecutors.cs","MiniRPG.Shared\Core\AI\Utility\Executors\IdleExecutors.cs","33","False"
"RhythmVoice","class","2","MiniRPG.Shared\Core\Music\Voices\RhythmVoice.cs","MiniRPG.Shared\Core\Music\Voices\RhythmVoice.cs","5","False"
"RoomCombatRules","class","2","MiniRPG.Shared\Core\Multiplayer\RoomCombatRules.cs","MiniRPG.Shared\Core\Multiplayer\RoomCombatRules.cs","6","False"
"RoomCorridorGenerator","class","2","MiniRPG.Shared\Core\World\Generators\RoomCorridorGenerator.cs","MiniRPG.Shared\Core\World\Generators\RoomCorridorGenerator.cs","11","False"
"RuntimeStatusPanelPlacementPolicy","class","2","App\RuntimeUi\RuntimeStatusPanelPlacementPolicy.cs","App\RuntimeUi\RuntimeStatusPanelPlacementPolicy.cs","15","False"
"SaveModuleWeatherAdapter","class","2","MiniRPG.Shared\Core\Map\SaveModuleWeatherAdapter.cs","MiniRPG.Shared\Core\Map\SaveModuleWeatherAdapter.cs","10","False"
"SearchAreaExecutor","class","2","MiniRPG.Shared\Core\AI\Utility\Executors\CombatExecutors.cs","MiniRPG.Shared\Core\AI\Utility\Executors\CombatExecutors.cs","153","False"
"SeekCampfireExecutor","class","2","MiniRPG.Shared\Core\AI\Utility\Executors\SurvivalExecutors.cs","MiniRPG.Shared\Core\AI\Utility\Executors\SurvivalExecutors.cs","170","False"
"SeekCoolAreaExecutor","class","2","MiniRPG.Shared\Core\AI\Utility\Executors\SurvivalExecutors.cs","MiniRPG.Shared\Core\AI\Utility\Executors\SurvivalExecutors.cs","218","False"
"SelfExtinguishExecutor","class","2","MiniRPG.Shared\Core\AI\Utility\Executors\SurvivalExecutors.cs","MiniRPG.Shared\Core\AI\Utility\Executors\SurvivalExecutors.cs","10","False"
"SetFixtureCommand","class","2","Module\Editor\MapEditorCommand.cs","Module\Editor\MapEditorCommand.cs","18","False"
"SetTerrainCommand","class","2","Module\Editor\MapEditorCommand.cs","Module\Editor\MapEditorCommand.cs","12","False"
"SettingsPanelSelectionModel","class","2","Module\Panel\SettingsPanelSelectionModel.cs","Module\Panel\SettingsPanelSelectionModel.cs","35","False"
"ShopSlotPreset","class","2","MiniRPG.Shared\Core\Data\PresetDB.cs","MiniRPG.Shared\Core\Data\PresetDB.cs","126","False"
"SocialInteractExecutor","class","2","MiniRPG.Shared\Core\AI\Utility\Executors\SocialExecutors.cs","MiniRPG.Shared\Core\AI\Utility\Executors\SocialExecutors.cs","33","False"
"SocialInteractionLoader","class","2","MiniRPG.Shared\Core\Social\SocialInteractionLoader.cs","MiniRPG.Shared\Core\Social\SocialInteractionLoader.cs","11","False"
"SpineAnimatable","class","2","Module\Render\SpineAnimatable.cs","Module\Render\SpineAnimatable.cs","9","False"
"StorytellerDefLoader","class","2","MiniRPG.Shared\Core\Event\StorytellerDefLoader.cs","MiniRPG.Shared\Core\Event\StorytellerDefLoader.cs","11","False"
"TendInfantExecutor","class","2","MiniRPG.Shared\Core\AI\Utility\Executors\DemographicsExecutors.cs","MiniRPG.Shared\Core\AI\Utility\Executors\DemographicsExecutors.cs","21","False"
"TendOtherExecutor","class","2","MiniRPG.Shared\Core\AI\Utility\Executors\NeedExecutors.cs","MiniRPG.Shared\Core\AI\Utility\Executors\NeedExecutors.cs","203","False"
"TendSelfExecutor","class","2","MiniRPG.Shared\Core\AI\Utility\Executors\NeedExecutors.cs","MiniRPG.Shared\Core\AI\Utility\Executors\NeedExecutors.cs","195","False"
"TerrainPreset","class","2","MiniRPG.Shared\Core\World\TerrainDef.cs","MiniRPG.Shared\Core\World\TerrainDef.cs","129","False"
"TimelineActionClientCommandFactory","class","2","MiniRPG.Shared\Module\Session\TimelineActionClientCommandFactory.cs","MiniRPG.Shared\Module\Session\TimelineActionClientCommandFactory.cs","14","False"
"TraderVisitIncidentWorker","class","2","MiniRPG.Shared\Core\Event\Workers\BuiltinIncidentWorkers.cs","MiniRPG.Shared\Core\Event\Workers\BuiltinIncidentWorkers.cs","180","False"
"TravelerPassingIncidentWorker","class","2","MiniRPG.Shared\Core\Event\Workers\BuiltinIncidentWorkers.cs","MiniRPG.Shared\Core\Event\Workers\BuiltinIncidentWorkers.cs","332","False"
"UtilityActionsRoot","class","2","MiniRPG.Shared\Core\AI\Utility\UtilityActionRegistry.cs","MiniRPG.Shared\Core\AI\Utility\UtilityActionRegistry.cs","74","False"
"VisionComputeDispatcher","class","2","Module\Compute\VisionComputeDispatcher.cs","Module\Compute\VisionComputeDispatcher.cs","11","False"
"VisionLosCache","class","2","MiniRPG.Shared\Core\AI\AIVisionBatch.cs","MiniRPG.Shared\Core\AI\AIVisionBatch.cs","76","False"
"VoxelBlockIsometricGenerator","class","2","MiniRPG.Shared\Core\World\Generators\VoxelBlockIsometricGenerator.cs","MiniRPG.Shared\Core\World\Generators\VoxelBlockIsometricGenerator.cs","12","False"
"VoxelSpritePool","class","2","Module\Render\VoxelSpritePool.cs","Module\Render\VoxelSpritePool.cs","6","False"
"VoxelTileMappingStore","class","2","MiniRPG.Shared\Core\Data\VoxelTileMapping.cs","MiniRPG.Shared\Core\Data\VoxelTileMapping.cs","92","False"
"WandererJoinIncidentWorker","class","2","MiniRPG.Shared\Core\Event\Workers\BuiltinIncidentWorkers.cs","MiniRPG.Shared\Core\Event\Workers\BuiltinIncidentWorkers.cs","112","False"
"WanderExecutor","class","2","MiniRPG.Shared\Core\AI\Utility\Executors\IdleExecutors.cs","MiniRPG.Shared\Core\AI\Utility\Executors\IdleExecutors.cs","56","False"
"WeatherScreenFxState","class","2","Module\Render\WeatherScreenFxResolver.cs","Module\Render\WeatherScreenFxResolver.cs","53","False"
"WorkBrainIds","class","2","MiniRPG.Shared\Core\Data\FacilityModels.cs","MiniRPG.Shared\Core\Data\FacilityModels.cs","79","False"
"XenotypesFile","class","2","MiniRPG.Shared\Core\Genetics\GeneCatalog.cs","MiniRPG.Shared\Core\Genetics\GeneCatalog.cs","32","False"
"ZoneModule","class","2","MiniRPG.Shared\Core\Zone\ZoneModule.cs","MiniRPG.Shared\Core\Zone\ZoneModule.cs","85","False"
"ActorControlBindingSnapshot","class","3","MiniRPG.Shared\Core\Map\SaveSnapshot.cs","MiniRPG.Shared\Core\Map\SaveSnapshot.cs","386","False"
"ActorPreset","class","3","MiniRPG.Shared\Core\Data\PresetDB.cs","MiniRPG.Shared\Core\Data\PresetDB.cs","134","False"
"AutoTestLogWriter","class","3","Module\AutoTestLogWriter.cs","Module\AutoTestLogWriter.cs","12","False"
"AutoTestMetricBuilder","class","3","Module\AutoTestMetricBuilder.cs","Module\AutoTestMetricBuilder.cs","6","False"
"AutoTestVisionProbeHelper","class","3","Module\AutoTestVisionProbeHelper.cs","Module\AutoTestVisionProbeHelper.cs","13","False"
"BrushPreviewResolver","class","3","Module\Editor\BrushPreviewResolver.cs","Module\Editor\BrushPreviewResolver.cs","9","False"
"ButtonPressFlash","class","3","Module\Panel\ButtonPressFlash.cs","Module\Panel\ButtonPressFlash.cs","14","False"
"CachedBlocksSightProvider","class","3","MiniRPG.Shared\Core\AI\AIVisionBatch.cs","MiniRPG.Shared\Core\AI\AIVisionBatch.cs","102","False"
"CellStackSnapshot","class","3","MiniRPG.Shared\Core\Map\SaveSnapshot.cs","MiniRPG.Shared\Core\Map\SaveSnapshot.cs","1087","False"
"CellularGenerationConfig","class","3","MiniRPG.Shared\Core\Config\GameConfig.cs","MiniRPG.Shared\Core\Config\GameConfig.cs","423","False"
"ChordEvent","class","3","MiniRPG.Shared\Core\Music\MusicScore.cs","MiniRPG.Shared\Core\Music\MusicScore.cs","24","False"
"CombatFxTextConfig","class","3","Module\Render\CombatFxRegistry.cs","Module\Render\CombatFxRegistry.cs","406","False"
"ConversationBranchDef","class","3","MiniRPG.Shared\Core\Conversation\ConversationModels.cs","MiniRPG.Shared\Core\Conversation\ConversationModels.cs","122","False"
"ConversationCheckResolver","class","3","MiniRPG.Shared\Core\Conversation\ConversationCheckResolver.cs","MiniRPG.Shared\Core\Conversation\ConversationCheckResolver.cs","17","False"
"DailySummary","class","3","MiniRPG.Shared\Core\Event\DailySummaryBuilder.cs","MiniRPG.Shared\Core\Event\DailySummaryBuilder.cs","22","False"
"DialogEffect","class","3","MiniRPG.Shared\Core\Data\DialogTypes.cs","MiniRPG.Shared\Core\Data\DialogTypes.cs","85","False"
"DrunkardWalkGenerationConfig","class","3","MiniRPG.Shared\Core\Config\GameConfig.cs","MiniRPG.Shared\Core\Config\GameConfig.cs","456","False"
"EditorPerspectiveResolver","class","3","Module\Render\EditorPerspectiveResolver.cs","Module\Render\EditorPerspectiveResolver.cs","9","False"
"ENetPeerFlag","enum","3","MiniRPG.Shared\Vendor\ENet\include\enet.cs","MiniRPG.Shared\Vendor\ENet\include\enet.cs","459","False"
"ENetProtocolBandwidthLimit","struct","3","MiniRPG.Shared\Vendor\ENet\include\protocol.cs","MiniRPG.Shared\Vendor\ENet\include\protocol.cs","110","False"
"ENetProtocolConnect","struct","3","MiniRPG.Shared\Vendor\ENet\include\protocol.cs","MiniRPG.Shared\Vendor\ENet\include\protocol.cs","75","False"
"ENetProtocolDisconnect","struct","3","MiniRPG.Shared\Vendor\ENet\include\protocol.cs","MiniRPG.Shared\Vendor\ENet\include\protocol.cs","125","False"
"ENetProtocolThrottleConfigure","struct","3","MiniRPG.Shared\Vendor\ENet\include\protocol.cs","MiniRPG.Shared\Vendor\ENet\include\protocol.cs","117","False"
"ENetProtocolVerifyConnect","struct","3","MiniRPG.Shared\Vendor\ENet\include\protocol.cs","MiniRPG.Shared\Vendor\ENet\include\protocol.cs","93","False"
"ENetSocketWait","enum","3","MiniRPG.Shared\Vendor\ENet\include\enet.cs","MiniRPG.Shared\Vendor\ENet\include\enet.cs","33","False"
"FacilityIds","class","3","MiniRPG.Shared\Core\Data\FacilityModels.cs","MiniRPG.Shared\Core\Data\FacilityModels.cs","84","False"
"FacilityTags","class","3","MiniRPG.Shared\Core\Data\FacilityModels.cs","MiniRPG.Shared\Core\Data\FacilityModels.cs","123","False"
"FacilityUseSlot","class","3","MiniRPG.Shared\Core\Data\FacilityModels.cs","MiniRPG.Shared\Core\Data\FacilityModels.cs","200","False"
"FacilityUseSlotPurpose","enum","3","MiniRPG.Shared\Core\Data\FacilityModels.cs","MiniRPG.Shared\Core\Data\FacilityModels.cs","27","False"
"FirearmModule","class","3","MiniRPG.Shared\Core\Combat\FirearmModule.cs","MiniRPG.Shared\Core\Combat\FirearmModule.cs","8","False"
"FireConfig","class","3","MiniRPG.Shared\Core\Config\GameConfig.cs","MiniRPG.Shared\Core\Config\GameConfig.cs","278","False"
"GenerationConfigSet","class","3","MiniRPG.Shared\Core\Config\GameConfig.cs","MiniRPG.Shared\Core\Config\GameConfig.cs","387","False"
"GodotImageGeometry","class","3","App\RuntimeUi\GodotImageGeometry.cs","App\RuntimeUi\GodotImageGeometry.cs","17","False"
"GpuPushConstants","struct","3","Module\Compute\VisionGpuBuffers.cs","Module\Compute\VisionGpuBuffers.cs","50","False"
"GridPlacementSnapshot","class","3","MiniRPG.Shared\Core\Map\SaveSnapshot.cs","MiniRPG.Shared\Core\Map\SaveSnapshot.cs","874","False"
"GroundItemLocation","record","3","Module\AutoTestModule.cs","Module\AutoTestModule.cs","1607","False"
"HealthConditionStateSnapshot","class","3","MiniRPG.Shared\Core\Map\SaveSnapshot.cs","MiniRPG.Shared\Core\Map\SaveSnapshot.cs","667","False"
"IBlocksSightProvider","interface","3","MiniRPG.Shared\Core\World\VisibilityUtil.cs","MiniRPG.Shared\Core\World\VisibilityUtil.cs","110","False"
"IChunkSimulator","interface","3","MiniRPG.Shared\Core\World\IChunkSimulator.cs","MiniRPG.Shared\Core\World\IChunkSimulator.cs","7","False"
"IFocusableListPanel","interface","3","Module\Panel\IPanel.cs","Module\Panel\IPanel.cs","11","False"
"IncidentRecordSnapshot","class","3","MiniRPG.Shared\Core\Map\SaveSnapshot.cs","MiniRPG.Shared\Core\Map\SaveSnapshot.cs","239","False"
"InteractionReservationSnapshot","class","3","MiniRPG.Shared\Core\Map\SaveSnapshot.cs","MiniRPG.Shared\Core\Map\SaveSnapshot.cs","371","False"
"ItemCorpseSnapshot","class","3","MiniRPG.Shared\Core\Map\SaveSnapshot.cs","MiniRPG.Shared\Core\Map\SaveSnapshot.cs","823","False"
"ItemSurgerySnapshot","class","3","MiniRPG.Shared\Core\Map\SaveSnapshot.cs","MiniRPG.Shared\Core\Map\SaveSnapshot.cs","808","False"
"KinshipModule","class","3","MiniRPG.Shared\Core\Demographics\KinshipModule.cs","MiniRPG.Shared\Core\Demographics\KinshipModule.cs","16","False"
"LimbPreset","class","3","MiniRPG.Shared\Core\Data\PresetDB.cs","MiniRPG.Shared\Core\Data\PresetDB.cs","32","False"
"LobbyHttpException","class","3","MiniRPG.Shared\Module\Network\LobbyHttpClient.cs","MiniRPG.Shared\Module\Network\LobbyHttpClient.cs","128","False"
"MainInputCoordinator","class","3","App\RuntimeUi\MainInputCoordinator.cs","App\RuntimeUi\MainInputCoordinator.cs","8","False"
"ModeTransitionMessage","record","3","MiniRPG.Shared\Core\Multiplayer\Protocol.cs","MiniRPG.Shared\Core\Multiplayer\Protocol.cs","474","False"
"MultiplayerReconnectTicketDto","class","3","MiniRPG.Shared\Core\Config\AppSettingsStore.cs","MiniRPG.Shared\Core\Config\AppSettingsStore.cs","418","False"
"MultiplayerSessionConnectRequest","class","3","MiniRPG.Shared\Module\Session\MultiplayerSessionBackend.cs","MiniRPG.Shared\Module\Session\MultiplayerSessionBackend.cs","11","False"
"MultiplayerSnapshotRoomCreateRequest","class","3","App\RuntimeUi\MultiplayerFlowCoordinator.cs","App\RuntimeUi\MultiplayerFlowCoordinator.cs","52","False"
"MultiplayerTelemetryStore","class","3","MiniRPG.Shared\Core\Multiplayer\MultiplayerTelemetryStore.cs","MiniRPG.Shared\Core\Multiplayer\MultiplayerTelemetryStore.cs","7","False"
"MusicComposer","class","3","MiniRPG.Shared\Core\Music\MusicComposer.cs","MiniRPG.Shared\Core\Music\MusicComposer.cs","6","False"
"MusicCoordinator","class","3","Module\Audio\MusicCoordinator.cs","Module\Audio\MusicCoordinator.cs","9","True"
"MusicRenderer","class","3","Module\Audio\MusicRenderer.cs","Module\Audio\MusicRenderer.cs","8","True"
"NeedStateSnapshot","class","3","MiniRPG.Shared\Core\Map\SaveSnapshot.cs","MiniRPG.Shared\Core\Map\SaveSnapshot.cs","634","False"
"NullSimulator","class","3","MiniRPG.Shared\Core\World\IChunkSimulator.cs","MiniRPG.Shared\Core\World\IChunkSimulator.cs","14","False"
"OutputTargetStrategy","enum","3","MiniRPG.Shared\Core\Data\FacilityModels.cs","MiniRPG.Shared\Core\Data\FacilityModels.cs","49","False"
"PanelFocusCapture","class","3","Module\Panel\PanelFocusCapture.cs","Module\Panel\PanelFocusCapture.cs","17","False"
"PendingIncidentSnapshot","class","3","MiniRPG.Shared\Core\Map\SaveSnapshot.cs","MiniRPG.Shared\Core\Map\SaveSnapshot.cs","227","False"
"PendingPreparedLoad","class","3","App\RuntimeUi\MainAppFlowCoordinator.cs","App\RuntimeUi\MainAppFlowCoordinator.cs","1077","False"
"PerlinGenerationConfig","class","3","MiniRPG.Shared\Core\Config\GameConfig.cs","MiniRPG.Shared\Core\Config\GameConfig.cs","483","False"
"PersonalityAxisDef","class","3","MiniRPG.Shared\Core\AI\Utility\PersonalityModule.cs","MiniRPG.Shared\Core\AI\Utility\PersonalityModule.cs","111","False"
"ProfessionPreset","class","3","MiniRPG.Shared\Core\Data\PresetDB.cs","MiniRPG.Shared\Core\Data\PresetDB.cs","52","False"
"ProtocolDefaults","class","3","MiniRPG.Shared\Core\Multiplayer\Protocol.cs","MiniRPG.Shared\Core\Multiplayer\Protocol.cs","128","False"
"PzDecorPoolEntry","class","3","MiniRPG.Shared\Core\Data\PzWorldVisualRegistry.cs","MiniRPG.Shared\Core\Data\PzWorldVisualRegistry.cs","142","False"
"PzItemWorldRenderCompatDocument","class","3","MiniRPG.Shared\Core\Data\PzWorldVisualRegistry.cs","MiniRPG.Shared\Core\Data\PzWorldVisualRegistry.cs","176","False"
"PzTerrainVisualEntry","class","3","MiniRPG.Shared\Core\Data\PzWorldVisualRegistry.cs","MiniRPG.Shared\Core\Data\PzWorldVisualRegistry.cs","40","False"
"RacePreset","class","3","MiniRPG.Shared\Core\Data\PresetDB.cs","MiniRPG.Shared\Core\Data\PresetDB.cs","16","False"
"RelationEntrySnapshot","class","3","MiniRPG.Shared\Core\Map\SaveSnapshot.cs","MiniRPG.Shared\Core\Map\SaveSnapshot.cs","191","False"
"ResourceCatalogEditor","class","3","App\ResourceCatalogEditor.cs","App\ResourceCatalogEditor.cs","11","True"
"RevivalCapacityPenaltyConfig","class","3","MiniRPG.Shared\Core\Revival\RevivalCostModel.cs","MiniRPG.Shared\Core\Revival\RevivalCostModel.cs","299","False"
"RevivalMoodScarConfig","class","3","MiniRPG.Shared\Core\Revival\RevivalCostModel.cs","MiniRPG.Shared\Core\Revival\RevivalCostModel.cs","277","False"
"RoomActorCatalog","class","3","MiniRPG.Shared\Core\Multiplayer\RoomActorCatalog.cs","MiniRPG.Shared\Core\Multiplayer\RoomActorCatalog.cs","9","False"
"RoomCorridorGenerationConfig","class","3","MiniRPG.Shared\Core\Config\GameConfig.cs","MiniRPG.Shared\Core\Config\GameConfig.cs","507","False"
"RoomPlayerStateSnapshot","class","3","MiniRPG.Shared\Core\Map\SaveSnapshot.cs","MiniRPG.Shared\Core\Map\SaveSnapshot.cs","338","False"
"SaveBrowserModule","class","3","Module\SaveBrowserModule.cs","Module\SaveBrowserModule.cs","8","False"
"SettingsFlowModalInputAdapter","class","3","App\RuntimeUi\SettingsFlowModalInputAdapter.cs","App\RuntimeUi\SettingsFlowModalInputAdapter.cs","8","False"
"ShadowcastFOV","class","3","MiniRPG.Shared\Core\World\ShadowcastFOV.cs","MiniRPG.Shared\Core\World\ShadowcastFOV.cs","10","False"
"SingleLayerViewMode","class","3","MiniRPG.Shared\Module\Render\ViewModes.cs","MiniRPG.Shared\Module\Render\ViewModes.cs","10","False"
"SpanHelpers","class","3","MiniRPG.Shared\Vendor\ENet\plugins\Helpers\SpanHelpers.cs","MiniRPG.Shared\Vendor\ENet\plugins\Helpers\SpanHelpers.cs","9","False"
"StepProfilingStats","struct","3","MiniRPG.Shared\Core\Combat\TimelineTurnManager.cs","MiniRPG.Shared\Core\Combat\TimelineTurnManager.cs","278","False"
"StingerBank","class","3","MiniRPG.Shared\Core\Music\StingerBank.cs","MiniRPG.Shared\Core\Music\StingerBank.cs","31","False"
"StingerPlayer","class","3","Module\Audio\StingerPlayer.cs","Module\Audio\StingerPlayer.cs","8","True"
"StockpilePriority","enum","3","MiniRPG.Shared\Core\Data\FacilityModels.cs","MiniRPG.Shared\Core\Data\FacilityModels.cs","65","False"
"SynthEngine","class","3","Module\Audio\SynthEngine.cs","Module\Audio\SynthEngine.cs","6","True"
"ThoughtStateSnapshot","class","3","MiniRPG.Shared\Core\Map\SaveSnapshot.cs","MiniRPG.Shared\Core\Map\SaveSnapshot.cs","652","False"
"TimelineActorSnapshot","class","3","MiniRPG.Shared\Core\Map\SaveSnapshot.cs","MiniRPG.Shared\Core\Map\SaveSnapshot.cs","434","False"
"TimelineSnapshotCache","class","3","MiniRPG.Shared\Core\AI\AIVisionBatch.cs","MiniRPG.Shared\Core\AI\AIVisionBatch.cs","9","False"
"TurnTickResult","class","3","MiniRPG.Shared\Core\AI\AIProfiling.cs","MiniRPG.Shared\Core\AI\AIProfiling.cs","32","False"
"UtilityBrain","class","3","MiniRPG.Shared\Core\AI\Utility\UtilityBrain.cs","MiniRPG.Shared\Core\AI\Utility\UtilityBrain.cs","8","False"
"WeatherAccumulationSimulator","class","3","MiniRPG.Shared\Core\Weather\WeatherSystem.cs","MiniRPG.Shared\Core\Weather\WeatherSystem.cs","388","False"
"WeatherConfig","class","3","MiniRPG.Shared\Core\Config\GameConfig.cs","MiniRPG.Shared\Core\Config\GameConfig.cs","171","False"
"WeatherFxVisualResolver","class","3","Module\Render\WeatherFxVisualResolver.cs","Module\Render\WeatherFxVisualResolver.cs","30","False"
"WSAData","struct","3","MiniRPG.Shared\Vendor\ENet\plugins\NativeSockets\Windows\c\WindowsSocketPal.cs","MiniRPG.Shared\Vendor\ENet\plugins\NativeSockets\Windows\c\WindowsSocketPal.cs","773","False"
"ActiveToast","class","4","Module\Panel\ToastOverlay.cs","Module\Panel\ToastOverlay.cs","174","False"
"AIDispatchMetrics","class","4","MiniRPG.Shared\Core\AI\AIProfiling.cs","MiniRPG.Shared\Core\AI\AIProfiling.cs","9","False"
"AltLabelOverlayController","class","4","App\RuntimeUi\AltLabelOverlayController.cs","App\RuntimeUi\AltLabelOverlayController.cs","10","False"
"ApplyGeneModificationClientCommand","record","4","MiniRPG.Shared\Core\Multiplayer\Protocol.cs","MiniRPG.Shared\Core\Multiplayer\Protocol.cs","384","False"
"AudioSettingsModule","class","4","Module\Audio\AudioSettingsModule.cs","Module\Audio\AudioSettingsModule.cs","6","False"
"BillDef","class","4","MiniRPG.Shared\Core\Data\FacilityModels.cs","MiniRPG.Shared\Core\Data\FacilityModels.cs","320","False"
"BindingStore","class","4","Module\InputBindingService.cs","Module\InputBindingService.cs","504","False"
"BindingStoreRow","class","4","Module\InputBindingService.cs","Module\InputBindingService.cs","510","False"
"BuffSnapshot","class","4","MiniRPG.Shared\Core\Map\SaveSnapshot.cs","MiniRPG.Shared\Core\Map\SaveSnapshot.cs","976","False"
"CapacityDef","class","4","MiniRPG.Shared\Core\Data\CapacityDef.cs","MiniRPG.Shared\Core\Data\CapacityDef.cs","10","False"
"CastSkillClientCommand","record","4","MiniRPG.Shared\Core\Multiplayer\Protocol.cs","MiniRPG.Shared\Core\Multiplayer\Protocol.cs","171","False"
"CellEntitySnapshot","class","4","MiniRPG.Shared\Core\Map\SaveSnapshot.cs","MiniRPG.Shared\Core\Map\SaveSnapshot.cs","1096","False"
"ChestCoordinator","class","4","App\RuntimeUi\ChestCoordinator.cs","App\RuntimeUi\ChestCoordinator.cs","6","False"
"ClimbClientCommand","record","4","MiniRPG.Shared\Core\Multiplayer\Protocol.cs","MiniRPG.Shared\Core\Multiplayer\Protocol.cs","231","False"
"CloseModalClientCommand","record","4","MiniRPG.Shared\Core\Multiplayer\Protocol.cs","MiniRPG.Shared\Core\Multiplayer\Protocol.cs","328","False"
"CombatFxPlayer","class","4","Module\Render\CombatFxPlayer.cs","Module\Render\CombatFxPlayer.cs","9","False"
"CombatFxVisualConfig","class","4","Module\Render\CombatFxRegistry.cs","Module\Render\CombatFxRegistry.cs","379","False"
"ConversationApproveTakeoverClientCommand","record","4","MiniRPG.Shared\Core\Multiplayer\Protocol.cs","MiniRPG.Shared\Core\Multiplayer\Protocol.cs","412","False"
"ConversationDefLoader","class","4","MiniRPG.Shared\Core\Conversation\ConversationDefLoader.cs","MiniRPG.Shared\Core\Conversation\ConversationDefLoader.cs","9","False"
"ConversationEffectDef","class","4","MiniRPG.Shared\Core\Conversation\ConversationModels.cs","MiniRPG.Shared\Core\Conversation\ConversationModels.cs","112","False"
"ConversationNodeDef","class","4","MiniRPG.Shared\Core\Conversation\ConversationModels.cs","MiniRPG.Shared\Core\Conversation\ConversationModels.cs","137","False"
"ConversationRequestTakeoverClientCommand","record","4","MiniRPG.Shared\Core\Multiplayer\Protocol.cs","MiniRPG.Shared\Core\Multiplayer\Protocol.cs","407","False"
"ConversationStateSnapshot","class","4","MiniRPG.Shared\Core\Conversation\ConversationModels.cs","MiniRPG.Shared\Core\Conversation\ConversationModels.cs","30","False"
"DelegateActorClientCommand","record","4","MiniRPG.Shared\Core\Multiplayer\Protocol.cs","MiniRPG.Shared\Core\Multiplayer\Protocol.cs","333","False"
"DigClientCommand","record","4","MiniRPG.Shared\Core\Multiplayer\Protocol.cs","MiniRPG.Shared\Core\Multiplayer\Protocol.cs","157","False"
"EatInventoryClientCommand","record","4","MiniRPG.Shared\Core\Multiplayer\Protocol.cs","MiniRPG.Shared\Core\Multiplayer\Protocol.cs","183","False"
"EndCombatClientCommand","record","4","MiniRPG.Shared\Core\Multiplayer\Protocol.cs","MiniRPG.Shared\Core\Multiplayer\Protocol.cs","374","False"
"EndTurnClientCommand","record","4","MiniRPG.Shared\Core\Multiplayer\Protocol.cs","MiniRPG.Shared\Core\Multiplayer\Protocol.cs","358","False"
"ENetProtocolFlag","enum","4","MiniRPG.Shared\Vendor\ENet\include\protocol.cs","MiniRPG.Shared\Vendor\ENet\include\protocol.cs","42","False"
"ENetProtocolPing","struct","4","MiniRPG.Shared\Vendor\ENet\include\protocol.cs","MiniRPG.Shared\Vendor\ENet\include\protocol.cs","131","False"
"ENetProtocolSendReliable","struct","4","MiniRPG.Shared\Vendor\ENet\include\protocol.cs","MiniRPG.Shared\Vendor\ENet\include\protocol.cs","136","False"
"ENetProtocolSendUnreliable","struct","4","MiniRPG.Shared\Vendor\ENet\include\protocol.cs","MiniRPG.Shared\Vendor\ENet\include\protocol.cs","142","False"
"ENetProtocolSendUnsequenced","struct","4","MiniRPG.Shared\Vendor\ENet\include\protocol.cs","MiniRPG.Shared\Vendor\ENet\include\protocol.cs","149","False"
"ENetSymbols","struct","4","MiniRPG.Shared\Vendor\ENet\include\compress.cs","MiniRPG.Shared\Vendor\ENet\include\compress.cs","24","False"
"EquipmentColorUtil","class","4","App\RuntimeUi\EquipmentAppearanceCatalog.cs","App\RuntimeUi\EquipmentAppearanceCatalog.cs","52","False"
"EquipSlotSnapshot","class","4","MiniRPG.Shared\Core\Map\SaveSnapshot.cs","MiniRPG.Shared\Core\Map\SaveSnapshot.cs","931","False"
"EventBatchMessage","record","4","MiniRPG.Shared\Core\Multiplayer\Protocol.cs","MiniRPG.Shared\Core\Multiplayer\Protocol.cs","446","False"
"ExperienceSnapshot","class","4","MiniRPG.Shared\Core\Map\SaveSnapshot.cs","MiniRPG.Shared\Core\Map\SaveSnapshot.cs","991","False"
"FacilityConstructClientCommand","record","4","MiniRPG.Shared\Core\Multiplayer\Protocol.cs","MiniRPG.Shared\Core\Multiplayer\Protocol.cs","226","False"
"FacilityDeliverClientCommand","record","4","MiniRPG.Shared\Core\Multiplayer\Protocol.cs","MiniRPG.Shared\Core\Multiplayer\Protocol.cs","221","False"
"FacilityDemolishClientCommand","record","4","MiniRPG.Shared\Core\Multiplayer\Protocol.cs","MiniRPG.Shared\Core\Multiplayer\Protocol.cs","216","False"
"FacilityPlaceBlueprintClientCommand","record","4","MiniRPG.Shared\Core\Multiplayer\Protocol.cs","MiniRPG.Shared\Core\Multiplayer\Protocol.cs","207","False"
"GameplayCommandCoordinator","class","4","App\RuntimeUi\GameplayCommandCoordinator.cs","App\RuntimeUi\GameplayCommandCoordinator.cs","7","False"
"GeneExpressionService","class","4","MiniRPG.Shared\Core\Genetics\GeneExpressionService.cs","MiniRPG.Shared\Core\Genetics\GeneExpressionService.cs","14","False"
"GeneInheritanceService","class","4","MiniRPG.Shared\Core\Genetics\GeneInheritanceService.cs","MiniRPG.Shared\Core\Genetics\GeneInheritanceService.cs","10","False"
"GeneModificationService","class","4","MiniRPG.Shared\Core\Genetics\GeneModificationService.cs","MiniRPG.Shared\Core\Genetics\GeneModificationService.cs","19","False"
"GeneSpawnService","class","4","MiniRPG.Shared\Core\Genetics\GeneSpawnService.cs","MiniRPG.Shared\Core\Genetics\GeneSpawnService.cs","9","False"
"GiveItemClientCommand","record","4","MiniRPG.Shared\Core\Multiplayer\Protocol.cs","MiniRPG.Shared\Core\Multiplayer\Protocol.cs","378","False"
"GrassRenderMode","enum","4","MiniRPG.Shared\Core\Debug\GrassRenderMode.cs","MiniRPG.Shared\Core\Debug\GrassRenderMode.cs","12","False"
"GroundItemStackLayout","class","4","Module\Render\ItemWorldRenderRegistry.cs","Module\Render\ItemWorldRenderRegistry.cs","22","False"
"HealthConditionKinds","class","4","MiniRPG.Shared\Core\Health\HealthModels.cs","MiniRPG.Shared\Core\Health\HealthModels.cs","34","False"
"HealthThoughtDef","class","4","MiniRPG.Shared\Core\Health\HealthModels.cs","MiniRPG.Shared\Core\Health\HealthModels.cs","156","False"
"HeatActionModule","class","4","MiniRPG.Shared\Core\Health\HeatActionModule.cs","MiniRPG.Shared\Core\Health\HeatActionModule.cs","7","False"
"ILobbyClient","interface","4","MiniRPG.Shared\Module\Network\LobbyHttpClient.cs","MiniRPG.Shared\Module\Network\LobbyHttpClient.cs","13","False"
"InputHandlerSet","record","4","App\RuntimeUi\InputHandlerSet.cs","App\RuntimeUi\InputHandlerSet.cs","6","False"
"IPauseMenuOverlay","interface","4","Module\Panel\SettingsFlowCoordinator.cs","Module\Panel\SettingsFlowCoordinator.cs","78","False"
"ISettingsFlowFocusHost","interface","4","Module\Panel\SettingsFlowCoordinator.cs","Module\Panel\SettingsFlowCoordinator.cs","52","False"
"ISettingsOverlay","interface","4","Module\Panel\SettingsFlowCoordinator.cs","Module\Panel\SettingsFlowCoordinator.cs","86","False"
"ItemPreset","class","4","MiniRPG.Shared\Core\Data\PresetDB.cs","MiniRPG.Shared\Core\Data\PresetDB.cs","62","False"
"ItemSizeEntry","class","4","MiniRPG.Shared\Core\Data\ItemSizeRegistry.cs","MiniRPG.Shared\Core\Data\ItemSizeRegistry.cs","198","False"
"IWeatherAccumulationStore","interface","4","MiniRPG.Shared\Core\Weather\IWeatherAccumulationStore.cs","MiniRPG.Shared\Core\Weather\IWeatherAccumulationStore.cs","9","False"
"KeyBindingsController","class","4","Module\KeyBindingsController.cs","Module\KeyBindingsController.cs","8","False"
"LayoutEditBarModule","class","4","Module\Panel\LayoutEditBarModule.cs","Module\Panel\LayoutEditBarModule.cs","6","False"
"LegacyTileMappingDocument","class","4","MiniRPG.Shared\Core\Data\PzWorldVisualRegistry.cs","MiniRPG.Shared\Core\Data\PzWorldVisualRegistry.cs","200","False"
"LifeStageTransitionService","class","4","MiniRPG.Shared\Core\Demographics\LifeStageTransitionService.cs","MiniRPG.Shared\Core\Demographics\LifeStageTransitionService.cs","17","False"
"LightMap","class","4","MiniRPG.Shared\Module\Render\LightMap.cs","MiniRPG.Shared\Module\Render\LightMap.cs","13","False"
"LimbSnapshot","class","4","MiniRPG.Shared\Core\Map\SaveSnapshot.cs","MiniRPG.Shared\Core\Map\SaveSnapshot.cs","895","False"
"LimbTargetCoordinator","class","4","App\RuntimeUi\LimbTargetCoordinator.cs","App\RuntimeUi\LimbTargetCoordinator.cs","7","False"
"LobbyHttpClient","class","4","MiniRPG.Shared\Module\Network\LobbyHttpClient.cs","MiniRPG.Shared\Module\Network\LobbyHttpClient.cs","23","False"
"LobbyLeaveRoomRequest","class","4","MiniRPG.Shared\Core\Multiplayer\LobbyService.cs","MiniRPG.Shared\Core\Multiplayer\LobbyService.cs","36","False"
"LocalProcessServerLauncher","class","4","Module\Network\LocalProcessServerLauncher.cs","Module\Network\LocalProcessServerLauncher.cs","10","False"
"LocalSessionBackend","class","4","MiniRPG.Shared\Module\Session\LocalSessionBackend.cs","MiniRPG.Shared\Module\Session\LocalSessionBackend.cs","11","False"
"MainStartupCoordinator","class","4","App\RuntimeUi\MainStartupCoordinator.cs","App\RuntimeUi\MainStartupCoordinator.cs","22","False"
"MapEditorCoordinator","class","4","App\RuntimeUi\MapEditorCoordinator.cs","App\RuntimeUi\MapEditorCoordinator.cs","14","False"
"MultiplayerHubCoordinator","class","4","App\RuntimeUi\MultiplayerHubCoordinator.cs","App\RuntimeUi\MultiplayerHubCoordinator.cs","9","False"
"MultiplayerRoomHostRequest","class","4","Module\MultiplayerRoomPanelModule.cs","Module\MultiplayerRoomPanelModule.cs","26","False"
"NeedDef","class","4","MiniRPG.Shared\Core\Needs\NeedModels.cs","MiniRPG.Shared\Core\Needs\NeedModels.cs","61","False"
"NestSnapshot","class","4","MiniRPG.Shared\Core\Map\SaveSnapshot.cs","MiniRPG.Shared\Core\Map\SaveSnapshot.cs","1111","False"
"OpenModalClientCommand","record","4","MiniRPG.Shared\Core\Multiplayer\Protocol.cs","MiniRPG.Shared\Core\Multiplayer\Protocol.cs","323","False"
"PanelBorderHelper","class","4","Module\Panel\PanelBorderHelper.cs","Module\Panel\PanelBorderHelper.cs","12","False"
"PanelButtonState","class","4","Module\Panel\PanelButtonScaleService.cs","Module\Panel\PanelButtonScaleService.cs","185","False"
"PartyMemberSlot","class","4","Module\PartyHudModule.cs","Module\PartyHudModule.cs","136","False"
"PartySnapshot","class","4","MiniRPG.Shared\Core\Map\SaveSnapshot.cs","MiniRPG.Shared\Core\Map\SaveSnapshot.cs","170","False"
"PauseMenuPanelModule","class","4","Module\Panel\PauseMenuPanelModule.cs","Module\Panel\PauseMenuPanelModule.cs","7","False"
"PeerSession","class","4","MiniRPG.Shared\Module\Network\ENetGameServer.cs","MiniRPG.Shared\Module\Network\ENetGameServer.cs","264","False"
"PlayerTargetingCoordinator","class","4","App\RuntimeUi\PlayerTargetingCoordinator.cs","App\RuntimeUi\PlayerTargetingCoordinator.cs","8","False"
"PlayerVisionConfig","class","4","MiniRPG.Shared\Core\Config\GameConfig.cs","MiniRPG.Shared\Core\Config\GameConfig.cs","66","False"
"ProfessionSnapshot","class","4","MiniRPG.Shared\Core\Map\SaveSnapshot.cs","MiniRPG.Shared\Core\Map\SaveSnapshot.cs","964","False"
"PzTerrainSideVisualSpec","class","4","MiniRPG.Shared\Core\Data\PzWorldVisualRegistry.cs","MiniRPG.Shared\Core\Data\PzWorldVisualRegistry.cs","73","False"
"QuestObjective","class","4","MiniRPG.Shared\Core\Data\Quest.cs","MiniRPG.Shared\Core\Data\Quest.cs","37","False"
"QuestObjectiveSnapshot","class","4","MiniRPG.Shared\Core\Map\SaveSnapshot.cs","MiniRPG.Shared\Core\Map\SaveSnapshot.cs","1033","False"
"QuestSnapshot","class","4","MiniRPG.Shared\Core\Map\SaveSnapshot.cs","MiniRPG.Shared\Core\Map\SaveSnapshot.cs","1003","False"
"RaceLifeStageBounds","class","4","MiniRPG.Shared\Core\Demographics\LifeStageCatalog.cs","MiniRPG.Shared\Core\Demographics\LifeStageCatalog.cs","16","False"
"RaceSnapshot","class","4","MiniRPG.Shared\Core\Map\SaveSnapshot.cs","MiniRPG.Shared\Core\Map\SaveSnapshot.cs","946","False"
"ReconnectClaimedMessage","record","4","MiniRPG.Shared\Core\Multiplayer\Protocol.cs","MiniRPG.Shared\Core\Multiplayer\Protocol.cs","468","False"
"RegisteredPanelState","class","4","Module\Panel\PanelLayoutService.cs","Module\Panel\PanelLayoutService.cs","124","False"
"ReservationBusyMessage","record","4","MiniRPG.Shared\Core\Multiplayer\Protocol.cs","MiniRPG.Shared\Core\Multiplayer\Protocol.cs","462","False"
"ResourcePreviewControl","class","4","Module\Editor\ResourcePreviewControl.cs","Module\Editor\ResourcePreviewControl.cs","7","True"
"RestClientCommand","record","4","MiniRPG.Shared\Core\Multiplayer\Protocol.cs","MiniRPG.Shared\Core\Multiplayer\Protocol.cs","188","False"
"RoomContextAnalyzer","class","4","MiniRPG.Shared\Core\Health\RoomContextAnalyzer.cs","MiniRPG.Shared\Core\Health\RoomContextAnalyzer.cs","9","False"
"RoomRoleRegistry","class","4","MiniRPG.Shared\Core\Data\FacilityModels.cs","MiniRPG.Shared\Core\Data\FacilityModels.cs","620","False"
"RoomRules","class","4","MiniRPG.Shared\Core\Multiplayer\RoomModels.cs","MiniRPG.Shared\Core\Multiplayer\RoomModels.cs","21","False"
"RowStyleHelper","class","4","Module\Panel\RowStyleHelper.cs","Module\Panel\RowStyleHelper.cs","9","False"
"RuntimeCameraRightDragHandler","class","4","App\RuntimeUi\RuntimeCameraRightDragHandler.cs","App\RuntimeUi\RuntimeCameraRightDragHandler.cs","6","False"
"RuntimeViewCoordinator","class","4","App\RuntimeUi\RuntimeViewCoordinator.cs","App\RuntimeUi\RuntimeViewCoordinator.cs","10","False"
"RuntimeWorldToolBarModule","class","4","Module\WorldTool\RuntimeWorldToolBarModule.cs","Module\WorldTool\RuntimeWorldToolBarModule.cs","9","False"
"RuntimeWorldToolHeightPanelModule","class","4","Module\WorldTool\RuntimeWorldToolHeightPanelModule.cs","Module\WorldTool\RuntimeWorldToolHeightPanelModule.cs","7","False"
"RuntimeWorldToolSession","class","4","App\RuntimeUi\RuntimeWorldToolSession.cs","App\RuntimeUi\RuntimeWorldToolSession.cs","20","False"
"SaveSlotKind","enum","4","MiniRPG.Shared\Module\GameSessionModule.cs","MiniRPG.Shared\Module\GameSessionModule.cs","1060","False"
"ScheduledNote","class","4","Module\Audio\MusicRenderer.cs","Module\Audio\MusicRenderer.cs","192","False"
"ServerSideConsequenceDispatcher","class","4","MiniRPG.Shared\Core\Multiplayer\ServerSideConsequenceDispatcher.cs","MiniRPG.Shared\Core\Multiplayer\ServerSideConsequenceDispatcher.cs","23","False"
"ShopSlotSnapshot","class","4","MiniRPG.Shared\Core\Map\SaveSnapshot.cs","MiniRPG.Shared\Core\Map\SaveSnapshot.cs","847","False"
"SkillTags","class","4","MiniRPG.Shared\Core\Data\Const.cs","MiniRPG.Shared\Core\Data\Const.cs","81","False"
"SkillTooltipBuilder","class","4","Module\Panel\SkillTooltipBuilder.cs","Module\Panel\SkillTooltipBuilder.cs","18","False"
"SocialSnapshot","class","4","MiniRPG.Shared\Core\Map\SaveSnapshot.cs","MiniRPG.Shared\Core\Map\SaveSnapshot.cs","182","False"
"StartCombatClientCommand","record","4","MiniRPG.Shared\Core\Multiplayer\Protocol.cs","MiniRPG.Shared\Core\Multiplayer\Protocol.cs","353","False"
"StorytellerSnapshot","class","4","MiniRPG.Shared\Core\Map\SaveSnapshot.cs","MiniRPG.Shared\Core\Map\SaveSnapshot.cs","209","False"
"TerrainBuildClientCommand","record","4","MiniRPG.Shared\Core\Multiplayer\Protocol.cs","MiniRPG.Shared\Core\Multiplayer\Protocol.cs","192","False"
"TerrainBuildRuleRegistry","class","4","MiniRPG.Shared\Core\World\TerrainBuildRuleRegistry.cs","MiniRPG.Shared\Core\World\TerrainBuildRuleRegistry.cs","20","False"
"TerrainDemolishClientCommand","record","4","MiniRPG.Shared\Core\Multiplayer\Protocol.cs","MiniRPG.Shared\Core\Multiplayer\Protocol.cs","200","False"
"TileAnimatable","class","4","Module\Render\TileAnimatable.cs","Module\Render\TileAnimatable.cs","10","False"
"TimelineSnapshot","class","4","MiniRPG.Shared\Core\Map\SaveSnapshot.cs","MiniRPG.Shared\Core\Map\SaveSnapshot.cs","422","False"
"TimelineState","class","4","MiniRPG.Shared\Core\Combat\TimelineTurnManager.cs","MiniRPG.Shared\Core\Combat\TimelineTurnManager.cs","196","False"
"TimeValue","struct","4","MiniRPG.Shared\Vendor\ENet\plugins\NativeSockets\Windows\c\WindowsSocketPal.cs","MiniRPG.Shared\Vendor\ENet\plugins\NativeSockets\Windows\c\WindowsSocketPal.cs","778","False"
"TurnTickMetrics","class","4","MiniRPG.Shared\Core\AI\AIProfiling.cs","MiniRPG.Shared\Core\AI\AIProfiling.cs","24","False"
"UIDevProbe","class","4","Module\Panel\UIDevProbe.cs","Module\Panel\UIDevProbe.cs","16","False"
"UseSkillClientCommand","record","4","MiniRPG.Shared\Core\Multiplayer\Protocol.cs","MiniRPG.Shared\Core\Multiplayer\Protocol.cs","362","False"
"VariantStripCanvas","class","4","App\Previews\GrassSurfacePreview.cs","App\Previews\GrassSurfacePreview.cs","528","True"
"VisionGpuBuffers","class","4","Module\Compute\VisionGpuBuffers.cs","Module\Compute\VisionGpuBuffers.cs","63","False"
"VoxelFaceBatchCanvas","class","4","Module\Render\IsometricVoxelRenderer.cs","Module\Render\IsometricVoxelRenderer.cs","2116","True"
"VoxelLightingCalculator","class","4","Module\Render\VoxelLightingCalculator.cs","Module\Render\VoxelLightingCalculator.cs","9","False"
"VoxelTileMappingEntry","class","4","MiniRPG.Shared\Core\Data\VoxelTileMapping.cs","MiniRPG.Shared\Core\Data\VoxelTileMapping.cs","17","False"
"VoxelTilePathResolver","class","4","Module\Render\VoxelTilePathResolver.cs","Module\Render\VoxelTilePathResolver.cs","13","False"
"WeatherProfileConfig","class","4","MiniRPG.Shared\Core\Config\GameConfig.cs","MiniRPG.Shared\Core\Config\GameConfig.cs","251","False"
"WorldManagerDeletionRouter","class","4","App\RuntimeUi\WorldManagerDeletionRouter.cs","App\RuntimeUi\WorldManagerDeletionRouter.cs","18","False"
"WorldRuntimeConfig","class","4","MiniRPG.Shared\Core\Config\GameConfig.cs","MiniRPG.Shared\Core\Config\GameConfig.cs","135","False"
"XxHash","class","4","MiniRPG.Shared\Vendor\ENet\plugins\Helpers\XxHash.cs","MiniRPG.Shared\Vendor\ENet\plugins\Helpers\XxHash.cs","12","False"
"ActorMotionState","class","5","Module\Render\ActorMotionTracker.cs","Module\Render\ActorMotionTracker.cs","306","False"
"ActorMotionTracker","class","5","Module\Render\ActorMotionTracker.cs","Module\Render\ActorMotionTracker.cs","15","False"
"AIDispatchResult","class","5","MiniRPG.Shared\Core\AI\AIProfiling.cs","MiniRPG.Shared\Core\AI\AIProfiling.cs","18","False"
"AlertEntry","class","5","Module\IncidentAlertModule.cs","Module\IncidentAlertModule.cs","134","False"
"AssignPrimaryActorClientCommand","record","5","MiniRPG.Shared\Core\Multiplayer\Protocol.cs","MiniRPG.Shared\Core\Multiplayer\Protocol.cs","342","False"
"AttackClientCommand","record","5","MiniRPG.Shared\Core\Multiplayer\Protocol.cs","MiniRPG.Shared\Core\Multiplayer\Protocol.cs","164","False"
"AutoNavigationPlanner","class","5","MiniRPG.Shared\Core\World\AutoNavigationPlanner.cs","MiniRPG.Shared\Core\World\AutoNavigationPlanner.cs","74","False"
"AutoTestPlayerPosition","class","5","Module\AutoTestModels.cs","Module\AutoTestModels.cs","284","False"
"BindingActionDef","class","5","Module\InputBindingService.cs","Module\InputBindingService.cs","133","False"
"BlockPlacementRules","class","5","MiniRPG.Shared\Core\World\BlockPlacementRules.cs","MiniRPG.Shared\Core\World\BlockPlacementRules.cs","3","False"
"BspGenerationConfig","class","5","MiniRPG.Shared\Core\Config\GameConfig.cs","MiniRPG.Shared\Core\Config\GameConfig.cs","396","False"
"CalendarService","class","5","MiniRPG.Shared\Core\Calendar\CalendarService.cs","MiniRPG.Shared\Core\Calendar\CalendarService.cs","22","False"
"CombatFxTextSpec","record","5","Module\Render\CombatFxRegistry.cs","Module\Render\CombatFxRegistry.cs","60","False"
"ConceptionBirthTick","class","5","MiniRPG.Shared\Core\Demographics\ConceptionBirthTick.cs","MiniRPG.Shared\Core\Demographics\ConceptionBirthTick.cs","18","False"
"ContinueStateService","class","5","MiniRPG.Shared\Module\ContinueStateService.cs","MiniRPG.Shared\Module\ContinueStateService.cs","14","False"
"ConversationAdvanceLineClientCommand","record","5","MiniRPG.Shared\Core\Multiplayer\Protocol.cs","MiniRPG.Shared\Core\Multiplayer\Protocol.cs","397","False"
"ConversationChooseClientCommand","record","5","MiniRPG.Shared\Core\Multiplayer\Protocol.cs","MiniRPG.Shared\Core\Multiplayer\Protocol.cs","391","False"
"ConversationLeaveClientCommand","record","5","MiniRPG.Shared\Core\Multiplayer\Protocol.cs","MiniRPG.Shared\Core\Multiplayer\Protocol.cs","402","False"
"ConversationUIModule","class","5","Module\Conversation\ConversationUIModule.cs","Module\Conversation\ConversationUIModule.cs","12","False"
"CropInstanceSnapshot","class","5","MiniRPG.Shared\Core\Map\SaveSnapshot.cs","MiniRPG.Shared\Core\Map\SaveSnapshot.cs","287","False"
"DialogCondition","class","5","MiniRPG.Shared\Core\Data\DialogTypes.cs","MiniRPG.Shared\Core\Data\DialogTypes.cs","48","False"
"DialogContext","class","5","MiniRPG.Shared\Core\Data\DialogContext.cs","MiniRPG.Shared\Core\Data\DialogContext.cs","12","False"
"EconomicDomainKind","enum","5","MiniRPG.Shared\Core\Data\FacilityModels.cs","MiniRPG.Shared\Core\Data\FacilityModels.cs","56","False"
"ENetSocketOption","enum","5","MiniRPG.Shared\Vendor\ENet\include\enet.cs","MiniRPG.Shared\Vendor\ENet\include\enet.cs","48","False"
"ENetSocketType","enum","5","MiniRPG.Shared\Vendor\ENet\include\enet.cs","MiniRPG.Shared\Vendor\ENet\include\enet.cs","27","False"
"ExecutorRegistry","class","5","MiniRPG.Shared\Core\AI\Utility\Executors\ExecutorRegistry.cs","MiniRPG.Shared\Core\AI\Utility\Executors\ExecutorRegistry.cs","6","False"
"FacePartCatalog","class","5","MiniRPG.Shared\Core\Data\FacePartCatalog.cs","MiniRPG.Shared\Core\Data\FacePartCatalog.cs","51","False"
"FacilityInteractionModes","class","5","MiniRPG.Shared\Core\Data\FacilityModels.cs","MiniRPG.Shared\Core\Data\FacilityModels.cs","108","False"
"GpuVisionResult","struct","5","Module\Compute\VisionGpuBuffers.cs","Module\Compute\VisionGpuBuffers.cs","34","False"
"GridInventorySnapshot","class","5","MiniRPG.Shared\Core\Map\SaveSnapshot.cs","MiniRPG.Shared\Core\Map\SaveSnapshot.cs","856","False"
"GridOverlay","class","5","Module\Editor\ResourcePreviewControl.cs","Module\Editor\ResourcePreviewControl.cs","600","False"
"HealthActionModule","class","5","MiniRPG.Shared\Core\Health\HealthActionModule.cs","MiniRPG.Shared\Core\Health\HealthActionModule.cs","7","False"
"HealthConditionDef","class","5","MiniRPG.Shared\Core\Health\HealthModels.cs","MiniRPG.Shared\Core\Health\HealthModels.cs","117","False"
"IDebugSessionActions","interface","5","MiniRPG.Shared\Core\Debug\IDebugSessionActions.cs","MiniRPG.Shared\Core\Debug\IDebugSessionActions.cs","7","False"
"IncidentRecord","class","5","MiniRPG.Shared\Core\Event\StorytellerState.cs","MiniRPG.Shared\Core\Event\StorytellerState.cs","63","False"
"IncidentStatistics","class","5","MiniRPG.Shared\Core\Events\IncidentStatistics.cs","MiniRPG.Shared\Core\Events\IncidentStatistics.cs","22","False"
"InfantCarryModule","class","5","MiniRPG.Shared\Core\Demographics\InfantCarryModule.cs","MiniRPG.Shared\Core\Demographics\InfantCarryModule.cs","18","False"
"InteractClientCommand","record","5","MiniRPG.Shared\Core\Multiplayer\Protocol.cs","MiniRPG.Shared\Core\Multiplayer\Protocol.cs","237","False"
"InventoryAutoPackClientCommand","record","5","MiniRPG.Shared\Core\Multiplayer\Protocol.cs","MiniRPG.Shared\Core\Multiplayer\Protocol.cs","276","False"
"InventoryDropClientCommand","record","5","MiniRPG.Shared\Core\Multiplayer\Protocol.cs","MiniRPG.Shared\Core\Multiplayer\Protocol.cs","255","False"
"InventoryGridPanelModule","class","5","Module\Panel\InventoryGridPanelModule.cs","Module\Panel\InventoryGridPanelModule.cs","14","False"
"InventoryMoveItemClientCommand","record","5","MiniRPG.Shared\Core\Multiplayer\Protocol.cs","MiniRPG.Shared\Core\Multiplayer\Protocol.cs","262","False"
"InventoryRotateItemClientCommand","record","5","MiniRPG.Shared\Core\Multiplayer\Protocol.cs","MiniRPG.Shared\Core\Multiplayer\Protocol.cs","271","False"
"ItemCorpseMetadata","class","5","MiniRPG.Shared\Core\Data\ItemContentDefinitions.cs","MiniRPG.Shared\Core\Data\ItemContentDefinitions.cs","193","False"
"ItemProvidedGrid","class","5","MiniRPG.Shared\Core\Data\ItemSizeRegistry.cs","MiniRPG.Shared\Core\Data\ItemSizeRegistry.cs","30","False"
"ItemSurgeryMetadata","class","5","MiniRPG.Shared\Core\Data\ItemContentDefinitions.cs","MiniRPG.Shared\Core\Data\ItemContentDefinitions.cs","177","False"
"ItemWorldRenderRegistry","class","5","Module\Render\ItemWorldRenderRegistry.cs","Module\Render\ItemWorldRenderRegistry.cs","45","False"
"IViewMode","interface","5","MiniRPG.Shared\Core\World\IViewMode.cs","MiniRPG.Shared\Core\World\IViewMode.cs","9","False"
"KickPlayerClientCommand","record","5","MiniRPG.Shared\Core\Multiplayer\Protocol.cs","MiniRPG.Shared\Core\Multiplayer\Protocol.cs","348","False"
"KinshipLossCapturer","class","5","MiniRPG.Shared\Core\Demographics\KinshipLossCapturer.cs","MiniRPG.Shared\Core\Demographics\KinshipLossCapturer.cs","18","False"
"ModalInputLogic","class","5","Module\ModalInputLogic.cs","Module\ModalInputLogic.cs","10","False"
"MoveClientCommand","record","5","MiniRPG.Shared\Core\Multiplayer\Protocol.cs","MiniRPG.Shared\Core\Multiplayer\Protocol.cs","151","False"
"MovementEventFactory","class","5","MiniRPG.Shared\Core\Combat\MovementEventFactory.cs","MiniRPG.Shared\Core\Combat\MovementEventFactory.cs","5","False"
"MultiplayerHubCreateRequest","class","5","Module\MultiplayerHubModule.cs","Module\MultiplayerHubModule.cs","39","False"
"MultiplayerHubJoinCodeRequest","class","5","Module\MultiplayerHubModule.cs","Module\MultiplayerHubModule.cs","33","False"
"MultiplayerHubJoinRequest","class","5","Module\MultiplayerHubModule.cs","Module\MultiplayerHubModule.cs","27","False"
"MultiplayerHubModule","class","5","Module\MultiplayerHubModule.cs","Module\MultiplayerHubModule.cs","47","False"
"MultiplayerRoomPanelModule","class","5","Module\MultiplayerRoomPanelModule.cs","Module\MultiplayerRoomPanelModule.cs","50","False"
"NeedsHudModule","class","5","Module\NeedsHudModule.cs","Module\NeedsHudModule.cs","7","False"
"PendingIncident","class","5","MiniRPG.Shared\Core\Event\StorytellerState.cs","MiniRPG.Shared\Core\Event\StorytellerState.cs","44","False"
"PersonalityConfig","class","5","MiniRPG.Shared\Core\AI\Utility\PersonalityModule.cs","MiniRPG.Shared\Core\AI\Utility\PersonalityModule.cs","93","False"
"PickupClientCommand","record","5","MiniRPG.Shared\Core\Multiplayer\Protocol.cs","MiniRPG.Shared\Core\Multiplayer\Protocol.cs","243","False"
"ReclaimPrimaryActorClientCommand","record","5","MiniRPG.Shared\Core\Multiplayer\Protocol.cs","MiniRPG.Shared\Core\Multiplayer\Protocol.cs","338","False"
"RoomRuntimeSnapshot","class","5","MiniRPG.Shared\Core\Map\SaveSnapshot.cs","MiniRPG.Shared\Core\Map\SaveSnapshot.cs","317","False"
"RoomTelemetryMetrics","class","5","MiniRPG.Shared\Core\Multiplayer\MultiplayerTelemetryStore.cs","MiniRPG.Shared\Core\Multiplayer\MultiplayerTelemetryStore.cs","46","False"
"RosterChangedMessage","record","5","MiniRPG.Shared\Core\Multiplayer\Protocol.cs","MiniRPG.Shared\Core\Multiplayer\Protocol.cs","457","False"
"RuntimeHooks","class","5","App\RuntimeUi\MainRuntimeComposition.cs","App\RuntimeUi\MainRuntimeComposition.cs","61","False"
"SamplerEngine","class","5","Module\Audio\SamplerEngine.cs","Module\Audio\SamplerEngine.cs","7","True"
"ShopSlot","class","5","MiniRPG.Shared\Core\Data\Item.cs","MiniRPG.Shared\Core\Data\Item.cs","230","False"
"SkillCheckDef","class","5","MiniRPG.Shared\Core\Conversation\ConversationModels.cs","MiniRPG.Shared\Core\Conversation\ConversationModels.cs","105","False"
"TargetResolver","class","5","MiniRPG.Shared\Core\AI\Utility\TargetResolver.cs","MiniRPG.Shared\Core\AI\Utility\TargetResolver.cs","10","False"
"TerrainBuildRuleDef","class","5","MiniRPG.Shared\Core\World\TerrainBuildRuleRegistry.cs","MiniRPG.Shared\Core\World\TerrainBuildRuleRegistry.cs","11","False"
"TerrainBuildTargetResolver","class","5","Module\Editor\TerrainBuildTargetResolver.cs","Module\Editor\TerrainBuildTargetResolver.cs","6","False"
"ThoughtDef","class","5","MiniRPG.Shared\Core\Needs\NeedModels.cs","MiniRPG.Shared\Core\Needs\NeedModels.cs","125","False"
"TradeBuyClientCommand","record","5","MiniRPG.Shared\Core\Multiplayer\Protocol.cs","MiniRPG.Shared\Core\Multiplayer\Protocol.cs","310","False"
"TradeSellClientCommand","record","5","MiniRPG.Shared\Core\Multiplayer\Protocol.cs","MiniRPG.Shared\Core\Multiplayer\Protocol.cs","317","False"
"TurnControllerPanelModule","class","5","Module\Panel\TurnControllerPanelModule.cs","Module\Panel\TurnControllerPanelModule.cs","10","False"
"TurnPanelModule","class","5","Module\Panel\TurnPanelModule.cs","Module\Panel\TurnPanelModule.cs","14","False"
"UtilityCache","class","5","MiniRPG.Shared\Core\AI\Utility\UtilityCache.cs","MiniRPG.Shared\Core\AI\Utility\UtilityCache.cs","22","False"
"WeatherFxController","class","5","Module\Render\WeatherFxController.cs","Module\Render\WeatherFxController.cs","12","False"
"WeatherLocalSnapshot","class","5","MiniRPG.Shared\Core\Weather\WeatherSystem.cs","MiniRPG.Shared\Core\Weather\WeatherSystem.cs","53","False"
"WeatherScreenFxResolver","class","5","Module\Render\WeatherScreenFxResolver.cs","Module\Render\WeatherScreenFxResolver.cs","108","False"
"WeatherStateSnapshot","class","5","MiniRPG.Shared\Core\Map\SaveSnapshot.cs","MiniRPG.Shared\Core\Map\SaveSnapshot.cs","401","False"
"WorldCatalogService","class","5","MiniRPG.Shared\Module\WorldCatalogService.cs","MiniRPG.Shared\Module\WorldCatalogService.cs","13","False"
"WorldQuery","class","5","MiniRPG.Shared\Core\World\WorldQuery.cs","MiniRPG.Shared\Core\World\WorldQuery.cs","10","False"
"WorldStorageMigrationReport","class","5","MiniRPG.Shared\Core\Map\WorldStore.cs","MiniRPG.Shared\Core\Map\WorldStore.cs","145","False"
"ZoneSnapshot","class","5","MiniRPG.Shared\Core\Map\SaveSnapshot.cs","MiniRPG.Shared\Core\Map\SaveSnapshot.cs","251","False"
"ActorControlBinding","class","6","MiniRPG.Shared\Core\Multiplayer\RoomModels.cs","MiniRPG.Shared\Core\Multiplayer\RoomModels.cs","65","False"
"ActorInspectPanelModule","class","6","Module\Panel\ActorInspectPanelModule.cs","Module\Panel\ActorInspectPanelModule.cs","8","False"
"ActorTemplates","class","6","MiniRPG.Shared\Core\Data\ActorTemplate.cs","MiniRPG.Shared\Core\Data\ActorTemplate.cs","8","False"
"AIVisionBatch","class","6","MiniRPG.Shared\Core\AI\AIVisionBatch.cs","MiniRPG.Shared\Core\AI\AIVisionBatch.cs","123","False"
"AIVisionMetrics","class","6","MiniRPG.Shared\Core\AI\AIVisionBatch.cs","MiniRPG.Shared\Core\AI\AIVisionBatch.cs","46","False"
"AppSettingsDto","class","6","MiniRPG.Shared\Core\Config\AppSettingsStore.cs","MiniRPG.Shared\Core\Config\AppSettingsStore.cs","337","False"
"AutoNavigationCoordinator","class","6","App\RuntimeUi\AutoNavigationCoordinator.cs","App\RuntimeUi\AutoNavigationCoordinator.cs","12","False"
"AutoNavigationStepKind","enum","6","MiniRPG.Shared\Core\World\AutoNavigationPlanner.cs","MiniRPG.Shared\Core\World\AutoNavigationPlanner.cs","6","False"
"AutoTestCaseResult","class","6","Module\AutoTestModels.cs","Module\AutoTestModels.cs","125","False"
"CharacterCustomizationPanelModule","class","6","Module\Panel\CharacterCustomizationPanelModule.cs","Module\Panel\CharacterCustomizationPanelModule.cs","15","False"
"ChromeState","class","6","Module\Panel\PanelHoverChromeService.cs","Module\Panel\PanelHoverChromeService.cs","566","False"
"ConfirmDialogModule","class","6","Module\ConfirmDialogModule.cs","Module\ConfirmDialogModule.cs","9","False"
"CropRegistry","class","6","MiniRPG.Shared\Core\Farm\CropModels.cs","MiniRPG.Shared\Core\Farm\CropModels.cs","89","False"
"DeathReportRecorder","class","6","MiniRPG.Shared\Core\Combat\DeathReportRecorder.cs","MiniRPG.Shared\Core\Combat\DeathReportRecorder.cs","29","False"
"DedicatedGameServerHostOptions","class","6","MiniRPG.Shared\Core\Multiplayer\DedicatedGameServerHost.cs","MiniRPG.Shared\Core\Multiplayer\DedicatedGameServerHost.cs","9","False"
"DigModule","class","6","MiniRPG.Shared\Core\World\DigModule.cs","MiniRPG.Shared\Core\World\DigModule.cs","7","False"
"DragDropControl","class","6","Module\Panel\InventoryGridPanelModule.cs","Module\Panel\InventoryGridPanelModule.cs","1197","True"
"ENetProtocolAcknowledge","struct","6","MiniRPG.Shared\Vendor\ENet\include\protocol.cs","MiniRPG.Shared\Vendor\ENet\include\protocol.cs","68","False"
"FarmModule","class","6","MiniRPG.Shared\Core\Farm\FarmModule.cs","MiniRPG.Shared\Core\Farm\FarmModule.cs","22","False"
"FixtureDef","class","6","MiniRPG.Shared\Core\Data\FixtureDef.cs","MiniRPG.Shared\Core\Data\FixtureDef.cs","9","False"
"GameServerConnectResult","class","6","MiniRPG.Shared\Core\Multiplayer\DedicatedGameServerHost.cs","MiniRPG.Shared\Core\Multiplayer\DedicatedGameServerHost.cs","24","False"
"GeneDominance","enum","6","MiniRPG.Shared\Core\Genetics\GeneModels.cs","MiniRPG.Shared\Core\Genetics\GeneModels.cs","14","False"
"GpuActorData","struct","6","Module\Compute\VisionGpuBuffers.cs","Module\Compute\VisionGpuBuffers.cs","12","False"
"GpuObserverData","struct","6","Module\Compute\VisionGpuBuffers.cs","Module\Compute\VisionGpuBuffers.cs","25","False"
"GrassCoverSampler","class","6","MiniRPG.Shared\Core\World\Surface\GrassCoverSampler.cs","MiniRPG.Shared\Core\World\Surface\GrassCoverSampler.cs","15","False"
"GrassSurfacePreview","class","6","App\Previews\GrassSurfacePreview.cs","App\Previews\GrassSurfacePreview.cs","28","True"
"GridDirections","class","6","MiniRPG.Shared\Core\Data\GridDirections.cs","MiniRPG.Shared\Core\Data\GridDirections.cs","6","False"
"InputResolver","class","6","MiniRPG.Shared\Core\AI\Utility\InputResolver.cs","MiniRPG.Shared\Core\AI\Utility\InputResolver.cs","14","False"
"InteractionReservation","class","6","MiniRPG.Shared\Core\Multiplayer\RoomModels.cs","MiniRPG.Shared\Core\Multiplayer\RoomModels.cs","84","False"
"InventoryToggleEquipClientCommand","record","6","MiniRPG.Shared\Core\Multiplayer\Protocol.cs","MiniRPG.Shared\Core\Multiplayer\Protocol.cs","248","False"
"ItemConditionFormatter","class","6","MiniRPG.Shared\Core\Data\ItemConditionFormatter.cs","MiniRPG.Shared\Core\Data\ItemConditionFormatter.cs","6","False"
"ItemWorldVisualEntry","class","6","Module\Render\ItemWorldRenderRegistry.cs","Module\Render\ItemWorldRenderRegistry.cs","198","False"
"KinGriefHelper","class","6","MiniRPG.Shared\Core\Demographics\KinGriefHelper.cs","MiniRPG.Shared\Core\Demographics\KinGriefHelper.cs","19","False"
"LifeStageCatalogRoot","class","6","MiniRPG.Shared\Core\Demographics\LifeStageCatalog.cs","MiniRPG.Shared\Core\Demographics\LifeStageCatalog.cs","34","False"
"LoadRecoveryDialogLogic","class","6","Module\LoadRecoveryDialogModule.cs","Module\LoadRecoveryDialogModule.cs","172","False"
"LoadRecoveryDialogModule","class","6","Module\LoadRecoveryDialogModule.cs","Module\LoadRecoveryDialogModule.cs","6","False"
"LobbyRoomEntry","class","6","MiniRPG.Shared\Core\Multiplayer\LobbyService.cs","MiniRPG.Shared\Core\Multiplayer\LobbyService.cs","478","False"
"MainAppFlowCoordinator","class","6","App\RuntimeUi\MainAppFlowCoordinator.cs","App\RuntimeUi\MainAppFlowCoordinator.cs","16","False"
"MainRuntimeComposition","class","6","App\RuntimeUi\MainRuntimeComposition.cs","App\RuntimeUi\MainRuntimeComposition.cs","10","False"
"MapEditorBarModule","class","6","Module\Editor\MapEditorBarModule.cs","Module\Editor\MapEditorBarModule.cs","9","False"
"MapEditorSession","class","6","Module\Editor\MapEditorSession.cs","Module\Editor\MapEditorSession.cs","66","False"
"Methods","class","6","MiniRPG.Shared\Core\Revival\ReviveService.cs","MiniRPG.Shared\Core\Revival\ReviveService.cs","39","False"
"MultiplayerDefaults","class","6","MiniRPG.Shared\Core\Multiplayer\RoomModels.cs","MiniRPG.Shared\Core\Multiplayer\RoomModels.cs","8","False"
"MultiplayerRoomActorOption","class","6","Module\MultiplayerRoomPanelModule.cs","Module\MultiplayerRoomPanelModule.cs","20","False"
"MultiplayerRoomPlayerOption","class","6","Module\MultiplayerRoomPanelModule.cs","Module\MultiplayerRoomPanelModule.cs","14","False"
"MultiplayerRuntimeCoordinator","class","6","App\RuntimeUi\MultiplayerRuntimeCoordinator.cs","App\RuntimeUi\MultiplayerRuntimeCoordinator.cs","13","False"
"MusicEvaluator","class","6","MiniRPG.Shared\Core\Music\MusicEvaluator.cs","MiniRPG.Shared\Core\Music\MusicEvaluator.cs","9","False"
"NeedProfileDef","class","6","MiniRPG.Shared\Core\Needs\NeedModels.cs","MiniRPG.Shared\Core\Needs\NeedModels.cs","95","False"
"NeedState","class","6","MiniRPG.Shared\Core\Needs\NeedModels.cs","MiniRPG.Shared\Core\Needs\NeedModels.cs","28","False"
"PanelHoverChromeService","class","6","Module\Panel\PanelHoverChromeService.cs","Module\Panel\PanelHoverChromeService.cs","16","False"
"PerceptionBuilder","class","6","MiniRPG.Shared\Core\AI\PerceptionBuilder.cs","MiniRPG.Shared\Core\AI\PerceptionBuilder.cs","9","False"
"PlayerDeathPresenter","class","6","App\RuntimeUi\PlayerDeathPresenter.cs","App\RuntimeUi\PlayerDeathPresenter.cs","29","False"
"PlayerDeathReportPanel","class","6","Module\Panel\PlayerDeathReportPanel.cs","Module\Panel\PlayerDeathReportPanel.cs","23","True"
"PlayerTargetingModule","class","6","Module\PlayerTargetingModule.cs","Module\PlayerTargetingModule.cs","27","False"
"QuestPanelModule","class","6","Module\Panel\QuestPanelModule.cs","Module\Panel\QuestPanelModule.cs","11","False"
"RoomModeTransitionRecord","class","6","MiniRPG.Shared\Core\Multiplayer\RoomModels.cs","MiniRPG.Shared\Core\Multiplayer\RoomModels.cs","108","False"
"RuntimeCameraController","class","6","App\RuntimeUi\RuntimeCameraController.cs","App\RuntimeUi\RuntimeCameraController.cs","7","False"
"RuntimeStatusTargetKind","enum","6","App\RuntimeUi\RuntimeStatusPanelController.cs","App\RuntimeUi\RuntimeStatusPanelController.cs","370","False"
"RuntimeWorldToolInteractionLogic","class","6","Module\WorldTool\RuntimeWorldToolInteractionLogic.cs","Module\WorldTool\RuntimeWorldToolInteractionLogic.cs","5","False"
"SaveNameDialogModule","class","6","Module\SaveNameDialogModule.cs","Module\SaveNameDialogModule.cs","6","False"
"StockpileZone","class","6","MiniRPG.Shared\Core\Data\FacilityModels.cs","MiniRPG.Shared\Core\Data\FacilityModels.cs","360","False"
"ThoughtState","class","6","MiniRPG.Shared\Core\Needs\NeedModels.cs","MiniRPG.Shared\Core\Needs\NeedModels.cs","46","False"
"ToastOverlay","class","6","Module\Panel\ToastOverlay.cs","Module\Panel\ToastOverlay.cs","26","True"
"TradeGoodSourceKind","enum","6","MiniRPG.Shared\Core\Multiplayer\Protocol.cs","MiniRPG.Shared\Core\Multiplayer\Protocol.cs","71","False"
"TurnControllerPanelController","class","6","App\RuntimeUi\TurnControllerPanelController.cs","App\RuntimeUi\TurnControllerPanelController.cs","10","False"
"VisionRangeScaler","class","6","MiniRPG.Shared\Core\World\VisionRangeScaler.cs","MiniRPG.Shared\Core\World\VisionRangeScaler.cs","7","False"
"WeatherDebugOverride","class","6","MiniRPG.Shared\Core\Weather\WeatherSystem.cs","MiniRPG.Shared\Core\Weather\WeatherSystem.cs","47","False"
"WorldDemographicsTick","class","6","MiniRPG.Shared\Core\Demographics\WorldDemographicsTick.cs","MiniRPG.Shared\Core\Demographics\WorldDemographicsTick.cs","16","False"
"WorldManagerStatusBanner","class","6","App\RuntimeUi\WorldManagerStatusBanner.cs","App\RuntimeUi\WorldManagerStatusBanner.cs","16","False"
"WorldSessionParameters","class","6","MiniRPG.Shared\Module\Session\WorldSessionParameters.cs","MiniRPG.Shared\Module\Session\WorldSessionParameters.cs","17","False"
"WorldSettingsDialogModule","class","6","Module\WorldSettingsDialogModule.cs","Module\WorldSettingsDialogModule.cs","11","False"
"ActorSnapshot","class","7","MiniRPG.Shared\Core\Map\SaveSnapshot.cs","MiniRPG.Shared\Core\Map\SaveSnapshot.cs","443","False"
"AIVisionConfig","class","7","MiniRPG.Shared\Core\Config\GameConfig.cs","MiniRPG.Shared\Core\Config\GameConfig.cs","84","False"
"AmmoProfileDef","class","7","MiniRPG.Shared\Core\Data\ItemContentDefinitions.cs","MiniRPG.Shared\Core\Data\ItemContentDefinitions.cs","41","False"
"AmmoProfileRegistry","class","7","MiniRPG.Shared\Core\Data\ItemContentDefinitions.cs","MiniRPG.Shared\Core\Data\ItemContentDefinitions.cs","49","False"
"AutoTestModule","class","7","Module\AutoTestModule.cs","Module\AutoTestModule.cs","22","False"
"BindingActionState","class","7","Module\InputBindingService.cs","Module\InputBindingService.cs","497","False"
"BrushSwatchHelper","class","7","Module\Editor\BrushSwatchHelper.cs","Module\Editor\BrushSwatchHelper.cs","8","False"
"CharacterCreationModule","class","7","Module\CharacterCreationModule.cs","Module\CharacterCreationModule.cs","10","False"
"ChestPutClientCommand","record","7","MiniRPG.Shared\Core\Multiplayer\Protocol.cs","MiniRPG.Shared\Core\Multiplayer\Protocol.cs","299","False"
"ChestTakeAllClientCommand","record","7","MiniRPG.Shared\Core\Multiplayer\Protocol.cs","MiniRPG.Shared\Core\Multiplayer\Protocol.cs","289","False"
"ChestTakeClientCommand","record","7","MiniRPG.Shared\Core\Multiplayer\Protocol.cs","MiniRPG.Shared\Core\Multiplayer\Protocol.cs","278","False"
"ChunkSnapshot","class","7","MiniRPG.Shared\Core\Map\SaveSnapshot.cs","MiniRPG.Shared\Core\Map\SaveSnapshot.cs","1045","False"
"CombatFxVisualSpec","record","7","Module\Render\CombatFxRegistry.cs","Module\Render\CombatFxRegistry.cs","48","False"
"CombatUIModule","class","7","Module\CombatUIModule.cs","Module\CombatUIModule.cs","5","False"
"ConceptionCatalogRoot","class","7","MiniRPG.Shared\Core\Demographics\LifeStageCatalog.cs","MiniRPG.Shared\Core\Demographics\LifeStageCatalog.cs","44","False"
"ContinueState","class","7","MiniRPG.Shared\Core\Config\AppSettingsStore.cs","MiniRPG.Shared\Core\Config\AppSettingsStore.cs","599","False"
"CropDef","class","7","MiniRPG.Shared\Core\Farm\CropModels.cs","MiniRPG.Shared\Core\Farm\CropModels.cs","13","False"
"DebugPanelController","class","7","App\RuntimeUi\DebugPanelController.cs","App\RuntimeUi\DebugPanelController.cs","12","False"
"DedicatedGameServerHost","class","7","MiniRPG.Shared\Core\Multiplayer\DedicatedGameServerHost.cs","MiniRPG.Shared\Core\Multiplayer\DedicatedGameServerHost.cs","32","False"
"DemographicsService","class","7","MiniRPG.Shared\Core\Demographics\DemographicsService.cs","MiniRPG.Shared\Core\Demographics\DemographicsService.cs","9","False"
"DirectionalSpriteHelper","class","7","Module\Render\DirectionalSpriteHelper.cs","Module\Render\DirectionalSpriteHelper.cs","5","False"
"EconomicDomain","class","7","MiniRPG.Shared\Core\Data\FacilityModels.cs","MiniRPG.Shared\Core\Data\FacilityModels.cs","342","False"
"ENetAcknowledgement","struct","7","MiniRPG.Shared\Vendor\ENet\include\enet.cs","MiniRPG.Shared\Vendor\ENet\include\enet.cs","367","False"
"ENetPeerState","enum","7","MiniRPG.Shared\Vendor\ENet\include\enet.cs","MiniRPG.Shared\Vendor\ENet\include\enet.cs","401","False"
"ENetProtocolSendFragment","struct","7","MiniRPG.Shared\Vendor\ENet\include\protocol.cs","MiniRPG.Shared\Vendor\ENet\include\protocol.cs","156","False"
"Experience","class","7","MiniRPG.Shared\Core\Data\TagSystem.cs","MiniRPG.Shared\Core\Data\TagSystem.cs","108","False"
"FacilityIndex","class","7","MiniRPG.Shared\Core\World\FacilityIndex.cs","MiniRPG.Shared\Core\World\FacilityIndex.cs","10","False"
"GameSessionDeltaEnvelope","class","7","MiniRPG.Shared\Module\Session\IGameSessionBackend.cs","MiniRPG.Shared\Module\Session\IGameSessionBackend.cs","81","False"
"GameSessionSnapshotEnvelope","class","7","MiniRPG.Shared\Module\Session\IGameSessionBackend.cs","MiniRPG.Shared\Module\Session\IGameSessionBackend.cs","71","False"
"HealthAlertsModule","class","7","Module\HealthAlertsModule.cs","Module\HealthAlertsModule.cs","9","False"
"HealthProfileDef","class","7","MiniRPG.Shared\Core\Health\HealthModels.cs","MiniRPG.Shared\Core\Health\HealthModels.cs","74","False"
"ILocalServerLauncher","interface","7","MiniRPG.Shared\Core\Multiplayer\ILocalServerLauncher.cs","MiniRPG.Shared\Core\Multiplayer\ILocalServerLauncher.cs","7","False"
"IncidentAlertModule","class","7","Module\IncidentAlertModule.cs","Module\IncidentAlertModule.cs","13","False"
"ItemSubcategoryRegistry","class","7","MiniRPG.Shared\Core\Data\ItemContentDefinitions.cs","MiniRPG.Shared\Core\Data\ItemContentDefinitions.cs","15","False"
"ItemWorldRenderKind","enum","7","Module\Render\ItemWorldRenderRegistry.cs","Module\Render\ItemWorldRenderRegistry.cs","10","False"
"KinGriefTarget","class","7","MiniRPG.Shared\Core\Data\GameEvent.cs","MiniRPG.Shared\Core\Data\GameEvent.cs","5","False"
"MaterialDef","class","7","MiniRPG.Shared\Core\Data\MaterialDef.cs","MiniRPG.Shared\Core\Data\MaterialDef.cs","6","False"
"MentalBreakState","class","7","MiniRPG.Shared\Core\Needs\MentalBreakModule.cs","MiniRPG.Shared\Core\Needs\MentalBreakModule.cs","29","False"
"ModalStateController","class","7","App\RuntimeUi\ModalStateController.cs","App\RuntimeUi\ModalStateController.cs","5","False"
"NestModule","class","7","MiniRPG.Shared\Core\Combat\NestModule.cs","MiniRPG.Shared\Core\Combat\NestModule.cs","12","False"
"PanelButtonScaleRegistry","class","7","Module\Panel\PanelButtonScaleService.cs","Module\Panel\PanelButtonScaleService.cs","7","False"
"PanelDragService","class","7","Module\Panel\PanelDragService.cs","Module\Panel\PanelDragService.cs","22","False"
"PartyHudModule","class","7","Module\PartyHudModule.cs","Module\PartyHudModule.cs","15","False"
"pollfd","struct","7","MiniRPG.Shared\Vendor\ENet\plugins\NativeSockets\Unix\Shared\include\pollfd.cs","MiniRPG.Shared\Vendor\ENet\plugins\NativeSockets\Unix\Shared\include\pollfd.cs","11","False"
"PreviewRenderEntry","class","7","Module\Editor\BrushPreviewResolver.cs","Module\Editor\BrushPreviewResolver.cs","97","False"
"ProtocolSerializer","class","7","MiniRPG.Shared\Core\Multiplayer\ProtocolSerializer.cs","MiniRPG.Shared\Core\Multiplayer\ProtocolSerializer.cs","11","False"
"PzTileCatalogEntry","class","7","MiniRPG.Shared\Core\Data\PzTileCatalog.cs","MiniRPG.Shared\Core\Data\PzTileCatalog.cs","17","False"
"RecipeRegistry","class","7","MiniRPG.Shared\Core\Data\FacilityModels.cs","MiniRPG.Shared\Core\Data\FacilityModels.cs","582","False"
"ResourceCatalogStore","class","7","Module\Editor\ResourceCatalogStore.cs","Module\Editor\ResourceCatalogStore.cs","137","False"
"RevivalMethodConfig","class","7","MiniRPG.Shared\Core\Revival\RevivalCostModel.cs","MiniRPG.Shared\Core\Revival\RevivalCostModel.cs","246","False"
"ReviveOutcome","class","7","MiniRPG.Shared\Core\Revival\ReviveService.cs","MiniRPG.Shared\Core\Revival\ReviveService.cs","61","False"
"RuntimeServices","class","7","App\RuntimeUi\MainRuntimeComposition.cs","App\RuntimeUi\MainRuntimeComposition.cs","27","False"
"RuntimeStatusPanelController","class","7","App\RuntimeUi\RuntimeStatusPanelController.cs","App\RuntimeUi\RuntimeStatusPanelController.cs","11","False"
"RuntimeUiRefs","class","7","App\RuntimeUi\MainRuntimeComposition.cs","App\RuntimeUi\MainRuntimeComposition.cs","40","False"
"SaveHeaderContext","class","7","MiniRPG.Shared\Core\Map\SaveSnapshot.cs","MiniRPG.Shared\Core\Map\SaveSnapshot.cs","69","False"
"SettingsPanelCloseAction","enum","7","Module\Panel\SettingsPanelSelectionModel.cs","Module\Panel\SettingsPanelSelectionModel.cs","28","False"
"SettingsPanelModule","class","7","Module\Panel\SettingsPanelModule.cs","Module\Panel\SettingsPanelModule.cs","9","False"
"SkillBarModule","class","7","Module\Panel\SkillBarModule.cs","Module\Panel\SkillBarModule.cs","12","False"
"SkillManagerModule","class","7","Module\Panel\SkillManagerModule.cs","Module\Panel\SkillManagerModule.cs","11","False"
"SocialInteractionDef","class","7","MiniRPG.Shared\Core\Social\SocialModels.cs","MiniRPG.Shared\Core\Social\SocialModels.cs","68","False"
"SurfaceGenerator","class","7","MiniRPG.Shared\Core\World\Generators\SurfaceGenerator.cs","MiniRPG.Shared\Core\World\Generators\SurfaceGenerator.cs","15","False"
"TargetSummaryHudModule","class","7","Module\TargetSummaryHudModule.cs","Module\TargetSummaryHudModule.cs","21","False"
"ThreatHudModule","class","7","Module\ThreatHudModule.cs","Module\ThreatHudModule.cs","25","False"
"TimelineActorState","class","7","MiniRPG.Shared\Core\Combat\TimelineTurnManager.cs","MiniRPG.Shared\Core\Combat\TimelineTurnManager.cs","190","False"
"TimelineDebugEntry","class","7","MiniRPG.Shared\Core\Combat\TimelineTurnManager.cs","MiniRPG.Shared\Core\Combat\TimelineTurnManager.cs","237","False"
"VisibilityUtil","class","7","MiniRPG.Shared\Core\World\VisibilityUtil.cs","MiniRPG.Shared\Core\World\VisibilityUtil.cs","8","False"
"VoxelTerrainShading","class","7","Module\Render\VoxelTerrainShading.cs","Module\Render\VoxelTerrainShading.cs","19","False"
"WeatherFieldSampler","class","7","MiniRPG.Shared\Core\Weather\WeatherSystem.cs","MiniRPG.Shared\Core\Weather\WeatherSystem.cs","274","False"
"ActiveActorDeathHandler","class","8","MiniRPG.Shared\Module\Session\ActiveActorDeathHandler.cs","MiniRPG.Shared\Module\Session\ActiveActorDeathHandler.cs","23","False"
"AutoNavigationInFlightKind","enum","8","App\RuntimeUi\AutoNavigationCoordinator.cs","App\RuntimeUi\AutoNavigationCoordinator.cs","516","False"
"AutoTestCliOptions","class","8","Module\AutoTestCli.cs","Module\AutoTestCli.cs","168","False"
"AutoTestScenarioResult","class","8","Module\AutoTestModels.cs","Module\AutoTestModels.cs","89","False"
"CombatFxTextMode","enum","8","Module\Render\CombatFxRegistry.cs","Module\Render\CombatFxRegistry.cs","17","False"
"CorpseProfileDef","class","8","MiniRPG.Shared\Core\Data\ItemContentDefinitions.cs","MiniRPG.Shared\Core\Data\ItemContentDefinitions.cs","75","False"
"CorpseProfileRegistry","class","8","MiniRPG.Shared\Core\Data\ItemContentDefinitions.cs","MiniRPG.Shared\Core\Data\ItemContentDefinitions.cs","85","False"
"CurveType","enum","8","MiniRPG.Shared\Core\AI\Utility\ResponseCurve.cs","MiniRPG.Shared\Core\AI\Utility\ResponseCurve.cs","5","False"
"ENetPacketFlag","enum","8","MiniRPG.Shared\Vendor\ENet\include\enet.cs","MiniRPG.Shared\Vendor\ENet\include\enet.cs","259","False"
"ENetProtocolCommand","enum","8","MiniRPG.Shared\Vendor\ENet\include\protocol.cs","MiniRPG.Shared\Vendor\ENet\include\protocol.cs","22","False"
"GameEventPresentationRouter","class","8","App\RuntimeUi\GameEventPresentationRouter.cs","App\RuntimeUi\GameEventPresentationRouter.cs","8","False"
"GameServerConnectRequest","class","8","MiniRPG.Shared\Core\Multiplayer\DedicatedGameServerHost.cs","MiniRPG.Shared\Core\Multiplayer\DedicatedGameServerHost.cs","17","False"
"GameSessionStartRequest","class","8","MiniRPG.Shared\Module\Session\IGameSessionBackend.cs","MiniRPG.Shared\Module\Session\IGameSessionBackend.cs","28","False"
"GeneratorPopulateHelper","class","8","MiniRPG.Shared\Core\World\Generators\GeneratorPopulateHelper.cs","MiniRPG.Shared\Core\World\Generators\GeneratorPopulateHelper.cs","5","False"
"HandleBinding","class","8","Module\Panel\PanelDragService.cs;Module\Panel\PanelHoverChromeService.cs","Module\Panel\PanelDragService.cs","567","False"
"ILobbyService","interface","8","MiniRPG.Shared\Core\Multiplayer\LobbyService.cs","MiniRPG.Shared\Core\Multiplayer\LobbyService.cs","90","False"
"ItemSnapshotMapper","class","8","MiniRPG.Shared\Core\Map\ItemSnapshotMapper.cs","MiniRPG.Shared\Core\Map\ItemSnapshotMapper.cs","9","False"
"ItemSubcategoryDef","class","8","MiniRPG.Shared\Core\Data\ItemContentDefinitions.cs","MiniRPG.Shared\Core\Data\ItemContentDefinitions.cs","7","False"
"LobbyReconnectClaimRequest","class","8","MiniRPG.Shared\Core\Multiplayer\LobbyService.cs","MiniRPG.Shared\Core\Multiplayer\LobbyService.cs","30","False"
"LobbyRoomResolution","class","8","MiniRPG.Shared\Core\Multiplayer\LobbyService.cs","MiniRPG.Shared\Core\Multiplayer\LobbyService.cs","64","False"
"MapEditorWorldToolPreviewAdapter","class","8","Module\WorldTool\MapEditorWorldToolPreviewAdapter.cs","Module\WorldTool\MapEditorWorldToolPreviewAdapter.cs","5","False"
"MultiplayerFlowCoordinator","class","8","App\RuntimeUi\MultiplayerFlowCoordinator.cs","App\RuntimeUi\MultiplayerFlowCoordinator.cs","61","False"
"MultiplayerHubViewState","class","8","Module\MultiplayerHubModule.cs","Module\MultiplayerHubModule.cs","16","False"
"MultiplayerRoomPanelMode","enum","8","Module\MultiplayerRoomPanelModule.cs","Module\MultiplayerRoomPanelModule.cs","8","False"
"MultiplayerRoomPanelViewState","class","8","Module\MultiplayerRoomPanelModule.cs","Module\MultiplayerRoomPanelModule.cs","32","False"
"NestData","class","8","MiniRPG.Shared\Core\Data\GameState.cs","MiniRPG.Shared\Core\Data\GameState.cs","240","False"
"PanelButtonScaleService","class","8","Module\Panel\PanelButtonScaleService.cs","Module\Panel\PanelButtonScaleService.cs","27","False"
"PanelLayoutEntry","class","8","Module\Panel\PanelLayoutStore.cs","Module\Panel\PanelLayoutStore.cs","207","False"
"PanelLayoutService","class","8","Module\Panel\PanelLayoutService.cs","Module\Panel\PanelLayoutService.cs","7","False"
"Quest","class","8","MiniRPG.Shared\Core\Data\Quest.cs","MiniRPG.Shared\Core\Data\Quest.cs","10","False"
"ResourceCatalogDocument","class","8","Module\Editor\ResourceCatalogStore.cs","Module\Editor\ResourceCatalogStore.cs","12","False"
"RoomSnapshot","class","8","MiniRPG.Shared\Core\Data\FacilityModels.cs","MiniRPG.Shared\Core\Data\FacilityModels.cs","528","False"
"RumorBus","class","8","MiniRPG.Shared\Core\Social\RumorBus.cs","MiniRPG.Shared\Core\Social\RumorBus.cs","53","False"
"SavePayload","class","8","MiniRPG.Shared\Core\Map\SaveSnapshot.cs","MiniRPG.Shared\Core\Map\SaveSnapshot.cs","77","False"
"Screen","enum","8","Module\MenuModule.cs","Module\MenuModule.cs","10","False"
"ServerAuditLogEntry","record","8","MiniRPG.Shared\Core\Multiplayer\ServerAuditLog.cs","MiniRPG.Shared\Core\Multiplayer\ServerAuditLog.cs","13","False"
"SettingsFlowCoordinator","class","8","Module\Panel\SettingsFlowCoordinator.cs","Module\Panel\SettingsFlowCoordinator.cs","118","False"
"StatusPanelModule","class","8","Module\Panel\StatusModule.cs","Module\Panel\StatusModule.cs","11","False"
"ThreatDetection","class","8","MiniRPG.Shared\Core\AI\ThreatDetection.cs","MiniRPG.Shared\Core\AI\ThreatDetection.cs","6","False"
"TradeUIModule","class","8","Module\TradeUIModule.cs","Module\TradeUIModule.cs","12","False"
"UtilityActionRegistry","class","8","MiniRPG.Shared\Core\AI\Utility\UtilityActionRegistry.cs","MiniRPG.Shared\Core\AI\Utility\UtilityActionRegistry.cs","9","False"
"UtilityDecisionCache","class","8","MiniRPG.Shared\Core\AI\Utility\UtilityCache.cs","MiniRPG.Shared\Core\AI\Utility\UtilityCache.cs","8","False"
"VoxelTileMappingDocument","class","8","MiniRPG.Shared\Core\Data\VoxelTileMapping.cs","MiniRPG.Shared\Core\Data\VoxelTileMapping.cs","11","False"
"VoxelViewportMath","class","8","Module\Render\VoxelViewportMath.cs","Module\Render\VoxelViewportMath.cs","23","False"
"WeatherScreenFxTuningSet","class","8","Module\Render\WeatherScreenFxTuning.cs","Module\Render\WeatherScreenFxTuning.cs","155","False"
"WorldStore","class","8","MiniRPG.Shared\Core\Map\WorldStore.cs","MiniRPG.Shared\Core\Map\WorldStore.cs","153","False"
"ActiveActorDeathOutcome","enum","9","MiniRPG.Shared\Module\Session\ActiveActorDeathHandler.cs","MiniRPG.Shared\Module\Session\ActiveActorDeathHandler.cs","110","False"
"ActorIndex","class","9","MiniRPG.Shared\Core\World\ActorIndex.cs","MiniRPG.Shared\Core\World\ActorIndex.cs","11","False"
"ActorMotionTiming","class","9","Module\Render\ActorMotionPresentation.cs","Module\Render\ActorMotionPresentation.cs","10","False"
"CombatFxRegistry","class","9","Module\Render\CombatFxRegistry.cs","Module\Render\CombatFxRegistry.cs","77","False"
"CombatFxSpec","record","9","Module\Render\CombatFxRegistry.cs","Module\Render\CombatFxRegistry.cs","70","False"
"ConversationPanelModule","class","9","Module\Panel\ConversationPanelModule.cs","Module\Panel\ConversationPanelModule.cs","9","False"
"ENetEventType","enum","9","MiniRPG.Shared\Vendor\ENet\include\enet.cs","MiniRPG.Shared\Vendor\ENet\include\enet.cs","850","False"
"FailureReasons","class","9","MiniRPG.Shared\Core\Revival\ReviveService.cs","MiniRPG.Shared\Core\Revival\ReviveService.cs","47","False"
"FantasyCharacterAnimatable","class","9","Module\Render\FantasyCharacterAnimatable.cs","Module\Render\FantasyCharacterAnimatable.cs","7","True"
"FixtureRegistry","class","9","MiniRPG.Shared\Core\Data\FixtureDef.cs","MiniRPG.Shared\Core\Data\FixtureDef.cs","39","False"
"GameSessionStartKind","enum","9","MiniRPG.Shared\Module\Session\IGameSessionBackend.cs","MiniRPG.Shared\Module\Session\IGameSessionBackend.cs","21","False"
"IMapEditorCommand","interface","9","Module\Editor\MapEditorCommand.cs","Module\Editor\MapEditorCommand.cs","6","False"
"KeyBindingsView","class","9","Module\KeyBindingsUIModule.cs","Module\KeyBindingsUIModule.cs","8","False"
"ListPanelBase","class","9","Module\Panel\ListPanelBase.cs","Module\Panel\ListPanelBase.cs","12","False"
"LobbyJoinRoomRequest","class","9","MiniRPG.Shared\Core\Multiplayer\LobbyService.cs","MiniRPG.Shared\Core\Multiplayer\LobbyService.cs","23","False"
"LobbyLeaveRoomResult","class","9","MiniRPG.Shared\Core\Multiplayer\LobbyService.cs","MiniRPG.Shared\Core\Multiplayer\LobbyService.cs","43","False"
"LocalServerLaunchOptions","class","9","MiniRPG.Shared\Core\Multiplayer\ILocalServerLauncher.cs","MiniRPG.Shared\Core\Multiplayer\ILocalServerLauncher.cs","13","False"
"LocusPair","class","9","MiniRPG.Shared\Core\Genetics\GeneModels.cs","MiniRPG.Shared\Core\Genetics\GeneModels.cs","74","False"
"MaterialRegistry","class","9","MiniRPG.Shared\Core\Data\MaterialDef.cs","MiniRPG.Shared\Core\Data\MaterialDef.cs","30","False"
"MultiplayerSessionConnectResult","class","9","MiniRPG.Shared\Module\Session\MultiplayerSessionBackend.cs","MiniRPG.Shared\Module\Session\MultiplayerSessionBackend.cs","20","False"
"PanelLayoutStore","class","9","Module\Panel\PanelLayoutStore.cs","Module\Panel\PanelLayoutStore.cs","11","False"
"PortraitComposer","class","9","App\RuntimeUi\PortraitComposer.cs","App\RuntimeUi\PortraitComposer.cs","15","False"
"PreparedLoadCandidate","class","9","MiniRPG.Shared\Module\GameSessionModule.cs","MiniRPG.Shared\Module\GameSessionModule.cs","1051","False"
"PzItemWorldRenderCompatEntry","class","9","MiniRPG.Shared\Core\Data\PzWorldVisualRegistry.cs","MiniRPG.Shared\Core\Data\PzWorldVisualRegistry.cs","188","False"
"PzWorldVisualRegistryDocument","class","9","MiniRPG.Shared\Core\Data\PzWorldVisualRegistry.cs","MiniRPG.Shared\Core\Data\PzWorldVisualRegistry.cs","10","False"
"RevivalCostsConfig","class","9","MiniRPG.Shared\Core\Revival\RevivalCostModel.cs","MiniRPG.Shared\Core\Revival\RevivalCostModel.cs","163","False"
"RoomRoleDef","class","9","MiniRPG.Shared\Core\Data\FacilityModels.cs","MiniRPG.Shared\Core\Data\FacilityModels.cs","507","False"
"RoomRuntimeHost","class","9","MiniRPG.Shared\Core\Multiplayer\DedicatedGameServerHost.cs","MiniRPG.Shared\Core\Multiplayer\DedicatedGameServerHost.cs","80","False"
"SaveHeader","class","9","MiniRPG.Shared\Core\Map\SaveSnapshot.cs","MiniRPG.Shared\Core\Map\SaveSnapshot.cs","36","False"
"TerrainAccess","class","9","MiniRPG.Shared\Core\World\TerrainAccess.cs","MiniRPG.Shared\Core\World\TerrainAccess.cs","6","False"
"TradePanelModule","class","9","Module\Panel\TradePanelModule.cs","Module\Panel\TradePanelModule.cs","11","False"
"UIAccessibilityService","class","9","Module\Panel\UIAccessibilityService.cs","Module\Panel\UIAccessibilityService.cs","37","False"
"VoxelDrawCommand","struct","9","Module\Render\IsometricVoxelRenderer.cs","Module\Render\IsometricVoxelRenderer.cs","2159","False"
"ZoneType","enum","9","MiniRPG.Shared\Core\Zone\ZoneModule.cs","MiniRPG.Shared\Core\Zone\ZoneModule.cs","12","False"
"AutoTestScenarioDef","class","10","Module\AutoTestModels.cs","Module\AutoTestModels.cs","30","False"
"CommandRejectedMessage","record","10","MiniRPG.Shared\Core\Multiplayer\Protocol.cs","MiniRPG.Shared\Core\Multiplayer\Protocol.cs","451","False"
"ConversationModule","class","10","MiniRPG.Shared\Core\Conversation\ConversationModule.cs","MiniRPG.Shared\Core\Conversation\ConversationModule.cs","10","False"
"ConversationState","class","10","MiniRPG.Shared\Core\Conversation\ConversationModels.cs","MiniRPG.Shared\Core\Conversation\ConversationModels.cs","15","False"
"ENetHostOption","enum","10","MiniRPG.Shared\Vendor\ENet\include\enet.cs","MiniRPG.Shared\Vendor\ENet\include\enet.cs","41","False"
"ENetNativeLifetime","class","10","MiniRPG.Shared\Module\Network\ENetNativeLifetime.cs","MiniRPG.Shared\Module\Network\ENetNativeLifetime.cs","6","False"
"FarmActionResult","class","10","MiniRPG.Shared\Core\Farm\FarmModule.cs","MiniRPG.Shared\Core\Farm\FarmModule.cs","233","False"
"GameEventConsequenceRouter","class","10","MiniRPG.Shared\Core\Events\GameEventConsequenceRouter.cs","MiniRPG.Shared\Core\Events\GameEventConsequenceRouter.cs","23","False"
"GrassOverlayPass","class","10","Module\Render\Surface\GrassOverlayPass.cs","Module\Render\Surface\GrassOverlayPass.cs","43","False"
"HealthThoughtSources","class","10","MiniRPG.Shared\Core\Health\HealthModels.cs","MiniRPG.Shared\Core\Health\HealthModels.cs","23","False"
"IIncidentWorker","interface","10","MiniRPG.Shared\Core\Event\IIncidentWorker.cs","MiniRPG.Shared\Core\Event\IIncidentWorker.cs","9","False"
"ItemSizeDef","class","10","MiniRPG.Shared\Core\Data\ItemSizeRegistry.cs","MiniRPG.Shared\Core\Data\ItemSizeRegistry.cs","14","False"
"ItemSnapshot","class","10","MiniRPG.Shared\Core\Map\SaveSnapshot.cs","MiniRPG.Shared\Core\Map\SaveSnapshot.cs","700","False"
"JoinAcceptedMessage","record","10","MiniRPG.Shared\Core\Multiplayer\Protocol.cs","MiniRPG.Shared\Core\Multiplayer\Protocol.cs","433","False"
"MultiplayerHubTemplateOption","class","10","Module\MultiplayerHubModule.cs","Module\MultiplayerHubModule.cs","9","False"
"PresetScenarioDef","class","10","MiniRPG.Shared\Core\Map\PresetScenarioCatalog.cs","MiniRPG.Shared\Core\Map\PresetScenarioCatalog.cs","11","False"
"PzTileCatalogDocument","class","10","MiniRPG.Shared\Core\Data\PzTileCatalog.cs","MiniRPG.Shared\Core\Data\PzTileCatalog.cs","11","False"
"PzVisualVector2","class","10","MiniRPG.Shared\Core\Data\PzWorldVisualRegistry.cs","MiniRPG.Shared\Core\Data\PzWorldVisualRegistry.cs","163","False"
"RecentEventEntry","class","10","MiniRPG.Shared\Core\Combat\DeathReport.cs","MiniRPG.Shared\Core\Combat\DeathReport.cs","36","False"
"RecipeDef","class","10","MiniRPG.Shared\Core\Data\FacilityModels.cs","MiniRPG.Shared\Core\Data\FacilityModels.cs","287","False"
"ResourceCatalogFrame","class","10","Module\Editor\ResourceCatalogStore.cs","Module\Editor\ResourceCatalogStore.cs","82","False"
"ServerActionStatus","enum","10","MiniRPG.Shared\Module\ServerActionGateway.cs","MiniRPG.Shared\Module\ServerActionGateway.cs","10","False"
"ServerAuditCategory","enum","10","MiniRPG.Shared\Core\Multiplayer\ServerAuditLog.cs","MiniRPG.Shared\Core\Multiplayer\ServerAuditLog.cs","6","False"
"SurgeryOperationDef","class","10","MiniRPG.Shared\Core\Data\ItemContentDefinitions.cs","MiniRPG.Shared\Core\Data\ItemContentDefinitions.cs","120","False"
"SurgeryOperationModes","class","10","MiniRPG.Shared\Core\Data\ItemContentDefinitions.cs","MiniRPG.Shared\Core\Data\ItemContentDefinitions.cs","135","False"
"TimelineDebugSnapshot","class","10","MiniRPG.Shared\Core\Combat\TimelineTurnManager.cs","MiniRPG.Shared\Core\Combat\TimelineTurnManager.cs","249","False"
"ToastKind","enum","10","Module\Panel\ToastOverlay.cs","Module\Panel\ToastOverlay.cs","7","False"
"TradeResult","class","10","MiniRPG.Shared\Core\Trade\TradeModule.cs","MiniRPG.Shared\Core\Trade\TradeModule.cs","7","False"
"UIScaleService","class","10","Module\Panel\UIScaleService.cs","Module\Panel\UIScaleService.cs","24","False"
"WeatherFxMode","enum","10","Module\Render\WeatherFxVisualResolver.cs","Module\Render\WeatherFxVisualResolver.cs","7","False"
"ActorDerivedStateUpdater","class","11","MiniRPG.Shared\Module\ActorDerivedStateUpdater.cs","MiniRPG.Shared\Module\ActorDerivedStateUpdater.cs","6","False"
"AIDispatcher","class","11","MiniRPG.Shared\Core\AI\AIDispatcher.cs","MiniRPG.Shared\Core\AI\AIDispatcher.cs","13","False"
"ClimbingService","class","11","MiniRPG.Shared\Core\World\ClimbingService.cs","MiniRPG.Shared\Core\World\ClimbingService.cs","13","False"
"ConversationDef","class","11","MiniRPG.Shared\Core\Conversation\ConversationModels.cs","MiniRPG.Shared\Core\Conversation\ConversationModels.cs","146","False"
"ConversationStage","enum","11","MiniRPG.Shared\Core\Conversation\ConversationModels.cs","MiniRPG.Shared\Core\Conversation\ConversationModels.cs","8","False"
"FacilityPlacementResult","class","11","MiniRPG.Shared\Core\Facility\FacilityConstructionModule.cs","MiniRPG.Shared\Core\Facility\FacilityConstructionModule.cs","8","False"
"GameSessionCommandSubmitResult","class","11","MiniRPG.Shared\Module\Session\IGameSessionBackend.cs","MiniRPG.Shared\Module\Session\IGameSessionBackend.cs","54","False"
"GameSessionStartResult","class","11","MiniRPG.Shared\Module\Session\IGameSessionBackend.cs","MiniRPG.Shared\Module\Session\IGameSessionBackend.cs","35","False"
"GeneCatalog","class","11","MiniRPG.Shared\Core\Genetics\GeneCatalog.cs","MiniRPG.Shared\Core\Genetics\GeneCatalog.cs","13","False"
"IncidentCategory","enum","11","MiniRPG.Shared\Core\Event\IncidentDef.cs","MiniRPG.Shared\Core\Event\IncidentDef.cs","52","False"
"ISettingsFlowPanel","interface","11","Module\Panel\SettingsFlowCoordinator.cs","Module\Panel\SettingsFlowCoordinator.cs","47","False"
"LimbTargetRequest","class","11","Module\Panel\LimbTargetPanelModule.cs","Module\Panel\LimbTargetPanelModule.cs","20","False"
"LookInspectTargetKind","enum","11","Module\LookModule.cs","Module\LookModule.cs","18","False"
"MapGenModule","class","11","MiniRPG.Shared\Core\Map\MapGenModule.cs","MiniRPG.Shared\Core\Map\MapGenModule.cs","17","False"
"MultiplayerSessionBackend","class","11","MiniRPG.Shared\Module\Session\MultiplayerSessionBackend.cs","MiniRPG.Shared\Module\Session\MultiplayerSessionBackend.cs","43","False"
"NeedActionResult","class","11","MiniRPG.Shared\Core\Needs\NeedModels.cs","MiniRPG.Shared\Core\Needs\NeedModels.cs","160","False"
"PanelEntry","class","11","App\RuntimeUi\RuntimeStatusPanelController.cs","App\RuntimeUi\RuntimeStatusPanelController.cs","376","False"
"PartyActionResult","class","11","MiniRPG.Shared\Core\Data\PartyModule.cs","MiniRPG.Shared\Core\Data\PartyModule.cs","277","False"
"PartyState","class","11","MiniRPG.Shared\Core\Data\PartyModule.cs","MiniRPG.Shared\Core\Data\PartyModule.cs","12","False"
"PzTilePathUtility","class","11","MiniRPG.Shared\Core\Data\PzTileCatalog.cs","MiniRPG.Shared\Core\Data\PzTileCatalog.cs","141","False"
"PzWorldVisualEntry","class","11","MiniRPG.Shared\Core\Data\PzWorldVisualRegistry.cs","MiniRPG.Shared\Core\Data\PzWorldVisualRegistry.cs","103","False"
"RelationEntry","class","11","MiniRPG.Shared\Core\Social\SocialModels.cs","MiniRPG.Shared\Core\Social\SocialModels.cs","12","False"
"RelationshipModule","class","11","MiniRPG.Shared\Core\Social\RelationshipModule.cs","MiniRPG.Shared\Core\Social\RelationshipModule.cs","39","False"
"RoomPlayerState","class","11","MiniRPG.Shared\Core\Multiplayer\RoomModels.cs","MiniRPG.Shared\Core\Multiplayer\RoomModels.cs","35","False"
"sa_family_t","struct","11","MiniRPG.Shared\Vendor\ENet\plugins\NativeSockets\Shared\include\sa_family_t.cs","MiniRPG.Shared\Vendor\ENet\plugins\NativeSockets\Shared\include\sa_family_t.cs","13","False"
"SocialModule","class","11","MiniRPG.Shared\Core\Social\SocialModule.cs","MiniRPG.Shared\Core\Social\SocialModule.cs","18","False"
"TabHelper","class","11","Module\Panel\TabHelper.cs","Module\Panel\TabHelper.cs","7","False"
"TimelineTurnGateway","class","11","MiniRPG.Shared\Module\TimelineTurnGateway.cs","MiniRPG.Shared\Module\TimelineTurnGateway.cs","6","False"
"WorldDeletionStatus","enum","11","MiniRPG.Shared\Module\GameSessionModule.cs","MiniRPG.Shared\Module\GameSessionModule.cs","1066","False"
"WorldEntryInfo","class","11","MiniRPG.Shared\Core\Map\WorldStore.cs","MiniRPG.Shared\Core\Map\WorldStore.cs","81","False"
"WorldSaveDataDeletionStatus","enum","11","MiniRPG.Shared\Module\GameSessionModule.cs","MiniRPG.Shared\Module\GameSessionModule.cs","1074","False"
"WorldStorageMigrationItem","class","11","MiniRPG.Shared\Core\Map\WorldStore.cs","MiniRPG.Shared\Core\Map\WorldStore.cs","137","False"
"XenotypeDef","class","11","MiniRPG.Shared\Core\Genetics\GeneModels.cs","MiniRPG.Shared\Core\Genetics\GeneModels.cs","58","False"
"ActorMemoryKind","enum","12","MiniRPG.Shared\Core\Social\ActorMemoryModule.cs","MiniRPG.Shared\Core\Social\ActorMemoryModule.cs","14","False"
"ActorMemoryModule","class","12","MiniRPG.Shared\Core\Social\ActorMemoryModule.cs","MiniRPG.Shared\Core\Social\ActorMemoryModule.cs","54","False"
"AIBehaviorContext","class","12","MiniRPG.Shared\Core\AI\AIProfiling.cs","MiniRPG.Shared\Core\AI\AIProfiling.cs","38","False"
"AutoTestRuntimeSnapshot","class","12","Module\AutoTestModels.cs","Module\AutoTestModels.cs","167","False"
"ChunkManager","class","12","MiniRPG.Shared\Core\World\ChunkManager.cs","MiniRPG.Shared\Core\World\ChunkManager.cs","11","False"
"CombatFxVisualAsset","record","12","Module\Render\CombatFxPlayer.cs","Module\Render\CombatFxPlayer.cs","293","False"
"CropInstance","class","12","MiniRPG.Shared\Core\Farm\CropModels.cs","MiniRPG.Shared\Core\Farm\CropModels.cs","52","False"
"ENetProtocolHeader","struct","12","MiniRPG.Shared\Vendor\ENet\include\protocol.cs","MiniRPG.Shared\Vendor\ENet\include\protocol.cs","55","False"
"FoodFreshnessEvaluator","class","12","MiniRPG.Shared\Core\Needs\FoodFreshnessEvaluator.cs","MiniRPG.Shared\Core\Needs\FoodFreshnessEvaluator.cs","37","False"
"GridPlacement","class","12","MiniRPG.Shared\Core\Data\GridInventory.cs","MiniRPG.Shared\Core\Data\GridInventory.cs","25","False"
"IGameSessionBackend","interface","12","MiniRPG.Shared\Module\Session\IGameSessionBackend.cs","MiniRPG.Shared\Module\Session\IGameSessionBackend.cs","10","False"
"ItemCategoryDef","class","12","MiniRPG.Shared\Core\Data\Item.cs","MiniRPG.Shared\Core\Data\Item.cs","236","False"
"LobbyCreateRoomRequest","class","12","MiniRPG.Shared\Core\Multiplayer\LobbyService.cs","MiniRPG.Shared\Core\Multiplayer\LobbyService.cs","8","False"
"LookModule","class","12","Module\LookModule.cs","Module\LookModule.cs","36","False"
"MusicTheory","class","12","MiniRPG.Shared\Core\Music\MusicTheory.cs","MiniRPG.Shared\Core\Music\MusicTheory.cs","21","False"
"PresetScenarioCatalog","class","12","MiniRPG.Shared\Core\Map\PresetScenarioCatalog.cs","MiniRPG.Shared\Core\Map\PresetScenarioCatalog.cs","35","False"
"StatusContentMode","enum","12","Module\Panel\StatusModule.cs","Module\Panel\StatusModule.cs","13","False"
"TimelineDebugPhase","enum","12","MiniRPG.Shared\Core\Combat\TimelineTurnManager.cs","MiniRPG.Shared\Core\Combat\TimelineTurnManager.cs","219","False"
"TradeModule","class","12","MiniRPG.Shared\Core\Trade\TradeModule.cs","MiniRPG.Shared\Core\Trade\TradeModule.cs","34","False"
"WeatherMusicHint","enum","12","MiniRPG.Shared\Core\Music\MusicParams.cs","MiniRPG.Shared\Core\Music\MusicParams.cs","69","False"
"WorldToolPreviewHelper","class","12","Module\Render\WorldToolPreviewHelper.cs","Module\Render\WorldToolPreviewHelper.cs","8","False"
"ArpPattern","enum","13","MiniRPG.Shared\Core\Music\Voices\ArpeggioVoice.cs","MiniRPG.Shared\Core\Music\Voices\ArpeggioVoice.cs","125","False"
"AutoTestRunReport","class","13","Module\AutoTestModels.cs","Module\AutoTestModels.cs","38","False"
"CloakKind","enum","13","App\RuntimeUi\EquipmentAppearanceCatalog.cs","App\RuntimeUi\EquipmentAppearanceCatalog.cs","36","False"
"ContinueTarget","class","13","MiniRPG.Shared\Core\Map\WorldStore.cs","MiniRPG.Shared\Core\Map\WorldStore.cs","124","False"
"ConversationRegistry","class","13","MiniRPG.Shared\Core\Conversation\ConversationModels.cs","MiniRPG.Shared\Core\Conversation\ConversationModels.cs","154","False"
"ENetClientState","enum","13","MiniRPG.Shared\Module\Network\ENetGameClient.cs","MiniRPG.Shared\Module\Network\ENetGameClient.cs","222","False"
"FacilityFootprintCell","class","13","MiniRPG.Shared\Core\Data\FacilityModels.cs","MiniRPG.Shared\Core\Data\FacilityModels.cs","173","False"
"HelmetKind","enum","13","App\RuntimeUi\EquipmentAppearanceCatalog.cs","App\RuntimeUi\EquipmentAppearanceCatalog.cs","44","False"
"ITagSource","interface","13","MiniRPG.Shared\Core\Data\TagSystem.cs","MiniRPG.Shared\Core\Data\TagSystem.cs","13","False"
"ITooltipRegistrar","interface","13","Module\Panel\ITooltipRegistrar.cs","Module\Panel\ITooltipRegistrar.cs","19","False"
"LimbTargetOption","class","13","Module\Panel\LimbTargetPanelModule.cs","Module\Panel\LimbTargetPanelModule.cs","10","False"
"LocalServerLaunchResult","class","13","MiniRPG.Shared\Core\Multiplayer\ILocalServerLauncher.cs","MiniRPG.Shared\Core\Multiplayer\ILocalServerLauncher.cs","23","False"
"MultiplayerReconnectTicket","class","13","MiniRPG.Shared\Core\Config\MultiplayerSettings.cs","MiniRPG.Shared\Core\Config\MultiplayerSettings.cs","35","False"
"PlayerTargetSource","enum","13","Module\PlayerTargetingModule.cs","Module\PlayerTargetingModule.cs","9","False"
"PreparedLoadRecovery","class","13","MiniRPG.Shared\Module\GameSessionModule.cs","MiniRPG.Shared\Module\GameSessionModule.cs","1045","False"
"RevivalCostModel","class","13","MiniRPG.Shared\Core\Revival\RevivalCostModel.cs","MiniRPG.Shared\Core\Revival\RevivalCostModel.cs","20","False"
"ReviveService","class","13","MiniRPG.Shared\Core\Revival\ReviveService.cs","MiniRPG.Shared\Core\Revival\ReviveService.cs","36","False"
"RoomSnapshotMessage","record","13","MiniRPG.Shared\Core\Multiplayer\Protocol.cs","MiniRPG.Shared\Core\Multiplayer\Protocol.cs","440","False"
"StingerDef","class","13","MiniRPG.Shared\Core\Music\StingerBank.cs","MiniRPG.Shared\Core\Music\StingerBank.cs","21","False"
"SurgeryModule","class","13","MiniRPG.Shared\Core\Health\SurgeryModule.cs","MiniRPG.Shared\Core\Health\SurgeryModule.cs","8","False"
"TurnModule","class","13","MiniRPG.Shared\Core\Combat\TurnModule.cs","MiniRPG.Shared\Core\Combat\TurnModule.cs","15","False"
"WorldAssetCleanupStatus","enum","13","MiniRPG.Shared\Module\GameSessionModule.cs","MiniRPG.Shared\Module\GameSessionModule.cs","1082","False"
"WorldManagerModule","class","13","Module\WorldManagerModule.cs","Module\WorldManagerModule.cs","10","False"
"ActorStatusTextBuilder","class","14","Module\Panel\ActorStatusTextBuilder.cs","Module\Panel\ActorStatusTextBuilder.cs","12","False"
"AIUtil","class","14","MiniRPG.Shared\Core\AI\AITypes.cs","MiniRPG.Shared\Core\AI\AITypes.cs","24","False"
"AudioBusSetup","class","14","Module\Audio\AudioBusSetup.cs","Module\Audio\AudioBusSetup.cs","6","False"
"AutoTestCli","class","14","Module\AutoTestCli.cs","Module\AutoTestCli.cs","9","False"
"AwarenessModule","class","14","MiniRPG.Shared\Core\AI\AwarenessModule.cs","MiniRPG.Shared\Core\AI\AwarenessModule.cs","12","False"
"BSPNode","class","14","MiniRPG.Shared\Core\World\Generators\BSPGenerator.cs","MiniRPG.Shared\Core\World\Generators\BSPGenerator.cs","192","False"
"ENetProtocolCommandHeader","struct","14","MiniRPG.Shared\Vendor\ENet\include\protocol.cs","MiniRPG.Shared\Vendor\ENet\include\protocol.cs","61","False"
"EquipSlot","class","14","MiniRPG.Shared\Core\Data\TagSystem.cs","MiniRPG.Shared\Core\Data\TagSystem.cs","62","False"
"FacilityWorkResult","class","14","MiniRPG.Shared\Core\Facility\FacilityConstructionModule.cs","MiniRPG.Shared\Core\Facility\FacilityConstructionModule.cs","17","False"
"GeneDef","class","14","MiniRPG.Shared\Core\Genetics\GeneModels.cs","MiniRPG.Shared\Core\Genetics\GeneModels.cs","26","False"
"IGameEventConsequenceHandler","interface","14","MiniRPG.Shared\Core\Events\IGameEventConsequenceHandler.cs","MiniRPG.Shared\Core\Events\IGameEventConsequenceHandler.cs","12","False"
"IInventoryPanelHost","interface","14","Module\Panel\IInventoryPanelHost.cs","Module\Panel\IInventoryPanelHost.cs","11","False"
"MapEditorEntryMode","enum","14","Module\Editor\MapEditorSession.cs","Module\Editor\MapEditorSession.cs","10","False"
"MapEditorHoverStateKind","enum","14","Module\Editor\MapEditorSession.cs","Module\Editor\MapEditorSession.cs","30","False"
"MenuModule","class","14","Module\MenuModule.cs","Module\MenuModule.cs","8","False"
"MultiplayerHostMode","enum","14","MiniRPG.Shared\Core\Config\MultiplayerSettings.cs","MiniRPG.Shared\Core\Config\MultiplayerSettings.cs","5","False"
"NeedThoughtSources","class","14","MiniRPG.Shared\Core\Needs\NeedModels.cs","MiniRPG.Shared\Core\Needs\NeedModels.cs","15","False"
"PanelDragAvailability","enum","14","Module\Panel\PanelDragService.cs","Module\Panel\PanelDragService.cs","7","False"
"ProceduralFacePartRenderer","class","14","App\RuntimeUi\ProceduralFacePartRenderer.cs","App\RuntimeUi\ProceduralFacePartRenderer.cs","12","False"
"RenderEntry","class","14","Module\Render\ResAccess.cs","Module\Render\ResAccess.cs","238","False"
"SkillBarTab","enum","14","Module\Panel\SkillBarModule.cs","Module\Panel\SkillBarModule.cs","10","False"
"SkillTab","enum","14","Module\Panel\SkillManagerModule.cs","Module\Panel\SkillManagerModule.cs","9","False"
"SurgeryOperationRegistry","class","14","MiniRPG.Shared\Core\Data\ItemContentDefinitions.cs","MiniRPG.Shared\Core\Data\ItemContentDefinitions.cs","142","False"
"WorldManagerContext","enum","14","App\RuntimeUi\WorldManagerContext.cs","App\RuntimeUi\WorldManagerContext.cs","3","False"
"ZoneDef","class","14","MiniRPG.Shared\Core\Zone\ZoneModule.cs","MiniRPG.Shared\Core\Zone\ZoneModule.cs","37","False"
"AutoTestCliParseResult","class","15","Module\AutoTestCli.cs","Module\AutoTestCli.cs","176","False"
"ContinueTargetKind","enum","15","MiniRPG.Shared\Core\Map\WorldStore.cs","MiniRPG.Shared\Core\Map\WorldStore.cs","117","False"
"DebugConfig","class","15","MiniRPG.Shared\Core\Config\GameConfig.cs","MiniRPG.Shared\Core\Config\GameConfig.cs","347","False"
"GrassOverlayForceMode","enum","15","MiniRPG.Shared\Core\Debug\GrassOverlayForceMode.cs","MiniRPG.Shared\Core\Debug\GrassOverlayForceMode.cs","8","False"
"IModalInputLayer","interface","15","Module\IModalInputLayer.cs","Module\IModalInputLayer.cs","5","False"
"InputBindingService","class","15","Module\InputBindingService.cs","Module\InputBindingService.cs","156","False"
"InputContext","class","15","MiniRPG.Shared\Core\AI\Utility\InputResolver.cs","MiniRPG.Shared\Core\AI\Utility\InputResolver.cs","813","False"
"InputGestureKind","enum","15","Module\InputBindingService.cs","Module\InputBindingService.cs","19","False"
"InteractionModule","class","15","MiniRPG.Shared\Core\Data\InteractionModule.cs","MiniRPG.Shared\Core\Data\InteractionModule.cs","14","False"
"QuestTab","enum","15","Module\Panel\QuestPanelModule.cs","Module\Panel\QuestPanelModule.cs","9","False"
"RumorKind","enum","15","MiniRPG.Shared\Core\Social\RumorBus.cs","MiniRPG.Shared\Core\Social\RumorBus.cs","14","False"
"RuntimeBuildActionModule","class","15","MiniRPG.Shared\Core\World\RuntimeBuildActionModule.cs","MiniRPG.Shared\Core\World\RuntimeBuildActionModule.cs","9","False"
"TimelineInputLockReason","enum","15","MiniRPG.Shared\Core\Combat\TimelineTurnManager.cs","MiniRPG.Shared\Core\Combat\TimelineTurnManager.cs","228","False"
"UIContrastMode","enum","15","Module\Panel\UIAccessibilityService.cs","Module\Panel\UIAccessibilityService.cs","7","False"
"WeatherSurface","class","15","MiniRPG.Shared\Core\Weather\WeatherSystem.cs","MiniRPG.Shared\Core\Weather\WeatherSystem.cs","231","False"
"WorldsListFocus","enum","15","Module\WorldManagerModule.cs","Module\WorldManagerModule.cs","23","False"
"AutoTestScenarioContext","class","16","Module\AutoTestModels.cs","Module\AutoTestModels.cs","296","False"
"CombatFxCommandKind","enum","16","Module\Render\CombatFxRegistry.cs","Module\Render\CombatFxRegistry.cs","10","False"
"ENetSocket","struct","16","MiniRPG.Shared\Vendor\ENet\include\win32.cs","MiniRPG.Shared\Vendor\ENet\include\win32.cs","31","False"
"GenePool","class","16","MiniRPG.Shared\Core\Genetics\GeneModels.cs","MiniRPG.Shared\Core\Genetics\GeneModels.cs","87","False"
"ItemSizeRegistry","class","16","MiniRPG.Shared\Core\Data\ItemSizeRegistry.cs","MiniRPG.Shared\Core\Data\ItemSizeRegistry.cs","40","False"
"ReservationService","class","16","MiniRPG.Shared\Module\ReservationService.cs","MiniRPG.Shared\Module\ReservationService.cs","5","False"
"ResourceCatalogSourceModes","class","16","Module\Editor\ResourceCatalogStore.cs","Module\Editor\ResourceCatalogStore.cs","130","False"
"SkillQuery","class","16","MiniRPG.Shared\Core\Data\SkillQuery.cs","MiniRPG.Shared\Core\Data\SkillQuery.cs","10","False"
"Storyteller","class","16","MiniRPG.Shared\Core\Event\Storyteller.cs","MiniRPG.Shared\Core\Event\Storyteller.cs","19","False"
"TradeGood","class","16","MiniRPG.Shared\Core\Trade\TradeModule.cs","MiniRPG.Shared\Core\Trade\TradeModule.cs","18","False"
"CombatFxAnchor","enum","17","Module\Render\CombatFxRegistry.cs","Module\Render\CombatFxRegistry.cs","24","False"
"ContainerSourceKind","enum","17","MiniRPG.Shared\Core\Multiplayer\Protocol.cs","MiniRPG.Shared\Core\Multiplayer\Protocol.cs","65","False"
"DeathReport","class","17","MiniRPG.Shared\Core\Combat\DeathReport.cs","MiniRPG.Shared\Core\Combat\DeathReport.cs","15","False"
"DomainIds","class","17","MiniRPG.Shared\Core\Data\FacilityModels.cs","MiniRPG.Shared\Core\Data\FacilityModels.cs","73","False"
"InputModule","class","17","Module\InputModule.cs","Module\InputModule.cs","14","True"
"InventoryResult","class","17","MiniRPG.Shared\Core\Data\InventoryModule.cs","MiniRPG.Shared\Core\Data\InventoryModule.cs","7","False"
"NoteEvent","class","17","MiniRPG.Shared\Core\Music\MusicScore.cs","MiniRPG.Shared\Core\Music\MusicScore.cs","6","False"
"TeamMode","enum","17","MiniRPG.Shared\Core\Multiplayer\RoomModels.cs","MiniRPG.Shared\Core\Multiplayer\RoomModels.cs","14","False"
"WeaponKind","enum","17","App\RuntimeUi\EquipmentAppearanceCatalog.cs","App\RuntimeUi\EquipmentAppearanceCatalog.cs","28","False"
"WeatherState","class","17","MiniRPG.Shared\Core\Weather\WeatherSystem.cs","MiniRPG.Shared\Core\Weather\WeatherSystem.cs","28","False"
"BeardShape","enum","18","App\RuntimeUi\CharacterGeometryProfiles.cs","App\RuntimeUi\CharacterGeometryProfiles.cs","108","False"
"EntityAccess","class","18","MiniRPG.Shared\Core\World\EntityAccess.cs","MiniRPG.Shared\Core\World\EntityAccess.cs","11","False"
"FacilityConstructionModule","class","18","MiniRPG.Shared\Core\Facility\FacilityConstructionModule.cs","MiniRPG.Shared\Core\Facility\FacilityConstructionModule.cs","26","False"
"HealthConditionState","class","18","MiniRPG.Shared\Core\Health\HealthModels.cs","MiniRPG.Shared\Core\Health\HealthModels.cs","41","False"
"IMapGenerator","interface","18","MiniRPG.Shared\Core\World\IMapGenerator.cs","MiniRPG.Shared\Core\World\IMapGenerator.cs","7","False"
"InteractionDefs","class","18","MiniRPG.Shared\Core\Data\InteractionDefs.cs","MiniRPG.Shared\Core\Data\InteractionDefs.cs","8","False"
"MusicScore","class","18","MiniRPG.Shared\Core\Music\MusicScore.cs","MiniRPG.Shared\Core\Music\MusicScore.cs","32","False"
"NeedActionModule","class","18","MiniRPG.Shared\Core\Needs\NeedActionModule.cs","MiniRPG.Shared\Core\Needs\NeedActionModule.cs","8","False"
"PauseMenuAction","enum","18","Module\Panel\SettingsFlowCoordinator.cs","Module\Panel\SettingsFlowCoordinator.cs","19","False"
"Season","enum","18","MiniRPG.Shared\Core\Calendar\CalendarService.cs","MiniRPG.Shared\Core\Calendar\CalendarService.cs","76","False"
"TerrainAtlas","class","18","Module\Render\TerrainAtlas.cs","Module\Render\TerrainAtlas.cs","14","False"
"TimelineEvalContext","class","18","MiniRPG.Shared\Core\Combat\TimelineTurnManager.cs","MiniRPG.Shared\Core\Combat\TimelineTurnManager.cs","311","False"
"VoiceTrack","class","18","MiniRPG.Shared\Core\Music\MusicScore.cs","MiniRPG.Shared\Core\Music\MusicScore.cs","16","False"
"VoxelFace","enum","18","Module\Render\IsometricVoxelRenderer.cs","Module\Render\IsometricVoxelRenderer.cs","2079","False"
"WorldManifest","class","18","MiniRPG.Shared\Core\Map\WorldStore.cs","MiniRPG.Shared\Core\Map\WorldStore.cs","60","False"
"AutoNavigationFailureReason","enum","19","MiniRPG.Shared\Core\World\AutoNavigationPlanner.cs","MiniRPG.Shared\Core\World\AutoNavigationPlanner.cs","12","False"
"BodyParts","class","19","MiniRPG.Shared\Core\Data\Const.cs","MiniRPG.Shared\Core\Data\Const.cs","89","False"
"ChestPanelModule","class","19","Module\Panel\ChestPanelModule.cs","Module\Panel\ChestPanelModule.cs","8","False"
"DragState","class","19","Module\Panel\PanelDragService.cs","Module\Panel\PanelDragService.cs","573","False"
"HairShape","enum","19","App\RuntimeUi\CharacterGeometryProfiles.cs","App\RuntimeUi\CharacterGeometryProfiles.cs","86","False"
"IGameUI","interface","19","Module\IGameUI.cs","Module\IGameUI.cs","9","False"
"JobScheduler","class","19","MiniRPG.Shared\Core\Job\JobScheduler.cs","MiniRPG.Shared\Core\Job\JobScheduler.cs","16","False"
"LobbyRoomSummary","class","19","MiniRPG.Shared\Core\Multiplayer\LobbyService.cs","MiniRPG.Shared\Core\Multiplayer\LobbyService.cs","53","False"
"QuestStatus","enum","19","MiniRPG.Shared\Core\Data\Quest.cs","MiniRPG.Shared\Core\Data\Quest.cs","5","False"
"RoomSimulationMode","enum","19","MiniRPG.Shared\Core\Multiplayer\RoomModels.cs","MiniRPG.Shared\Core\Multiplayer\RoomModels.cs","102","False"
"ServerActionGateway","class","19","MiniRPG.Shared\Module\ServerActionGateway.cs","MiniRPG.Shared\Module\ServerActionGateway.cs","60","False"
"ServerMessageKind","enum","19","MiniRPG.Shared\Core\Multiplayer\Protocol.cs","MiniRPG.Shared\Core\Multiplayer\Protocol.cs","53","False"
"GroundPanelModule","class","20","Module\Panel\GroundPanelModule.cs","Module\Panel\GroundPanelModule.cs","8","False"
"IAnimatable","interface","20","Module\Render\IAnimatable.cs","Module\Render\IAnimatable.cs","9","False"
"MultiplayerConnectResult","class","20","App\RuntimeUi\MultiplayerFlowCoordinator.cs","App\RuntimeUi\MultiplayerFlowCoordinator.cs","26","False"
"SocialState","class","20","MiniRPG.Shared\Core\Social\SocialModels.cs","MiniRPG.Shared\Core\Social\SocialModels.cs","39","False"
"StorytellerState","class","20","MiniRPG.Shared\Core\Event\StorytellerState.cs","MiniRPG.Shared\Core\Event\StorytellerState.cs","12","False"
"UIColorBlindMode","enum","20","Module\Panel\UIAccessibilityService.cs","Module\Panel\UIAccessibilityService.cs","13","False"
"WeatherScreenFxTuningProfile","class","20","Module\Render\WeatherScreenFxTuning.cs","Module\Render\WeatherScreenFxTuning.cs","8","False"
"WorldCharacterEntryInfo","class","20","MiniRPG.Shared\Core\Map\WorldStore.cs","MiniRPG.Shared\Core\Map\WorldStore.cs","94","False"
"WorldGenerationSettingsRegistry","class","20","MiniRPG.Shared\Core\World\Generators\WorldGenerationSettingsRegistry.cs","MiniRPG.Shared\Core\World\Generators\WorldGenerationSettingsRegistry.cs","11","False"
"WorldToolPreviewKind","enum","20","Module\WorldTool\WorldToolModels.cs","Module\WorldTool\WorldToolModels.cs","21","False"
"DamageTypes","class","21","MiniRPG.Shared\Core\Data\Const.cs","MiniRPG.Shared\Core\Data\Const.cs","106","False"
"FacePartEntry","class","21","MiniRPG.Shared\Core\Data\FacePartCatalog.cs","MiniRPG.Shared\Core\Data\FacePartCatalog.cs","28","False"
"FogOfWarTracker","class","21","MiniRPG.Shared\Module\Render\FogOfWarTracker.cs","MiniRPG.Shared\Module\Render\FogOfWarTracker.cs","25","False"
"LifeStage","enum","21","MiniRPG.Shared\Core\Data\LifeStage.cs","MiniRPG.Shared\Core\Data\LifeStage.cs","7","False"
"MapSpriteRuntimeFactory","class","21","App\RuntimeUi\MapSpriteRuntimeFactory.cs","App\RuntimeUi\MapSpriteRuntimeFactory.cs","25","False"
"Pathfinding","class","21","MiniRPG.Shared\Core\World\Pathfinding.cs","MiniRPG.Shared\Core\World\Pathfinding.cs","10","False"
"ServerMessage","record","21","MiniRPG.Shared\Core\Multiplayer\Protocol.cs","MiniRPG.Shared\Core\Multiplayer\Protocol.cs","418","False"
"TransportError","enum","21","MiniRPG.Shared\Core\Multiplayer\TransportError.cs","MiniRPG.Shared\Core\Multiplayer\TransportError.cs","3","False"
"CombatFxCommand","record","22","Module\Render\CombatFxRegistry.cs","Module\Render\CombatFxRegistry.cs","30","False"
"FacilityDef","class","22","MiniRPG.Shared\Core\Data\FacilityModels.cs","MiniRPG.Shared\Core\Data\FacilityModels.cs","223","False"
"FacilityRegistry","class","22","MiniRPG.Shared\Core\Data\FacilityModels.cs","MiniRPG.Shared\Core\Data\FacilityModels.cs","540","False"
"GridContainerKind","enum","22","MiniRPG.Shared\Core\Data\GridInventory.cs","MiniRPG.Shared\Core\Data\GridInventory.cs","9","False"
"HealthCatalog","class","22","MiniRPG.Shared\Core\Health\HealthCatalog.cs","MiniRPG.Shared\Core\Health\HealthCatalog.cs","9","False"
"MentalBreakType","enum","22","MiniRPG.Shared\Core\Needs\MentalBreakModule.cs","MiniRPG.Shared\Core\Needs\MentalBreakModule.cs","11","False"
"TimelineStepResult","class","22","MiniRPG.Shared\Core\Combat\TimelineTurnManager.cs","MiniRPG.Shared\Core\Combat\TimelineTurnManager.cs","210","False"
"TimelineTurnManager","class","22","MiniRPG.Shared\Core\Combat\TimelineTurnManager.cs","MiniRPG.Shared\Core\Combat\TimelineTurnManager.cs","261","False"
"AutoNavigationStopReason","enum","23","App\RuntimeUi\AutoNavigationCoordinator.cs","App\RuntimeUi\AutoNavigationCoordinator.cs","524","False"
"EarsShape","enum","23","App\RuntimeUi\CharacterGeometryProfiles.cs","App\RuntimeUi\CharacterGeometryProfiles.cs","134","False"
"IAutoTestHost","interface","23","Module\AutoTestModels.cs","Module\AutoTestModels.cs","12","False"
"JobBoardState","class","23","MiniRPG.Shared\Core\Data\FacilityModels.cs","MiniRPG.Shared\Core\Data\FacilityModels.cs","427","False"
"LimbTargetPanelModule","class","23","Module\Panel\LimbTargetPanelModule.cs","Module\Panel\LimbTargetPanelModule.cs","8","False"
"PollEvents","enum","23","MiniRPG.Shared\Vendor\ENet\plugins\NativeSockets\Unix\Shared\include\PollEvents.cs","MiniRPG.Shared\Vendor\ENet\plugins\NativeSockets\Unix\Shared\include\PollEvents.cs","11","False"
"PreparedSessionLoad","class","23","MiniRPG.Shared\Module\GameSessionModule.cs","MiniRPG.Shared\Module\GameSessionModule.cs","1028","False"
"RuntimeCameraMode","enum","23","Module\Render\RuntimeCameraSnapshot.cs","Module\Render\RuntimeCameraSnapshot.cs","5","False"
"RuntimeUiResetReason","enum","23","App\RuntimeUi\RuntimeUiResetReason.cs","App\RuntimeUi\RuntimeUiResetReason.cs","3","False"
"WeatherIds","class","23","MiniRPG.Shared\Core\Weather\WeatherSystem.cs","MiniRPG.Shared\Core\Weather\WeatherSystem.cs","105","False"
"ENetList","struct","24","MiniRPG.Shared\Vendor\ENet\include\list.cs","MiniRPG.Shared\Vendor\ENet\include\list.cs","13","False"
"LifeStageCatalog","class","24","MiniRPG.Shared\Core\Demographics\LifeStageCatalog.cs","MiniRPG.Shared\Core\Demographics\LifeStageCatalog.cs","82","False"
"MapEditorBrushApplyResult","enum","24","Module\Editor\MapEditorSession.cs","Module\Editor\MapEditorSession.cs","36","False"
"DefaultEnvironmentExposureProvider","class","25","MiniRPG.Shared\Core\Health\DefaultEnvironmentExposureProvider.cs","MiniRPG.Shared\Core\Health\DefaultEnvironmentExposureProvider.cs","8","False"
"LobbyJoinTicket","class","25","MiniRPG.Shared\Core\Multiplayer\LobbyService.cs","MiniRPG.Shared\Core\Multiplayer\LobbyService.cs","74","False"
"PerlinNoise","class","25","MiniRPG.Shared\Core\World\Noise\PerlinNoise.cs","MiniRPG.Shared\Core\World\Noise\PerlinNoise.cs","9","False"
"SaveSlotInfo","class","25","MiniRPG.Shared\Module\GameSessionModule.cs","MiniRPG.Shared\Module\GameSessionModule.cs","1016","False"
"Sex","enum","25","MiniRPG.Shared\Core\Data\Sex.cs","MiniRPG.Shared\Core\Data\Sex.cs","7","False"
"StartupState","enum","25","App\RuntimeUi\MainStartupCoordinator.cs","App\RuntimeUi\MainStartupCoordinator.cs","7","False"
"WorkTicketType","enum","25","MiniRPG.Shared\Core\Data\FacilityModels.cs","MiniRPG.Shared\Core\Data\FacilityModels.cs","38","False"
"EquipLayer","enum","26","MiniRPG.Shared\Core\Data\Const.cs","MiniRPG.Shared\Core\Data\Const.cs","103","False"
"GridErrorCodes","class","26","MiniRPG.Shared\Core\Data\InventoryModule.cs","MiniRPG.Shared\Core\Data\InventoryModule.cs","41","False"
"MultiplayerFlowState","enum","26","App\RuntimeUi\MultiplayerFlowCoordinator.cs","App\RuntimeUi\MultiplayerFlowCoordinator.cs","14","False"
"SettingsEntryContext","enum","26","Module\Panel\SettingsFlowCoordinator.cs","Module\Panel\SettingsFlowCoordinator.cs","6","False"
"ThreatHudMode","enum","26","Module\ThreatHudModule.cs","Module\ThreatHudModule.cs","12","False"
"TradeTab","enum","26","Module\Panel\TradePanelModule.cs","Module\Panel\TradePanelModule.cs","9","False"
"UtilityActionDef","class","26","MiniRPG.Shared\Core\AI\Utility\UtilityActionDef.cs","MiniRPG.Shared\Core\AI\Utility\UtilityActionDef.cs","5","False"
"Buff","class","27","MiniRPG.Shared\Core\Data\TagSystem.cs","MiniRPG.Shared\Core\Data\TagSystem.cs","97","False"
"DayNightCycle","class","27","MiniRPG.Shared\Module\Render\DayNightCycle.cs","MiniRPG.Shared\Module\Render\DayNightCycle.cs","20","False"
"GridMoveResult","class","27","MiniRPG.Shared\Core\Data\InventoryModule.cs","MiniRPG.Shared\Core\Data\InventoryModule.cs","16","False"
"IncidentDef","class","28","MiniRPG.Shared\Core\Event\IncidentDef.cs","MiniRPG.Shared\Core\Event\IncidentDef.cs","12","False"
"WeatherMath","class","28","MiniRPG.Shared\Core\Weather\WeatherSystem.cs","MiniRPG.Shared\Core\Weather\WeatherSystem.cs","715","False"
"ActorMotionTimingTier","enum","29","Module\Render\ActorMotionPresentation.cs","Module\Render\ActorMotionPresentation.cs","3","False"
"RoomRuntimeState","class","29","MiniRPG.Shared\Core\Multiplayer\RoomModels.cs","MiniRPG.Shared\Core\Multiplayer\RoomModels.cs","130","False"
"SaveFile","class","29","MiniRPG.Shared\Core\Map\SaveSnapshot.cs","MiniRPG.Shared\Core\Map\SaveSnapshot.cs","21","False"
"VoxelFaceImageUtil","class","29","Module\Render\VoxelFaceImageUtil.cs","Module\Render\VoxelFaceImageUtil.cs","10","False"
"ActiveActorAccess","class","30","MiniRPG.Shared\Core\Data\ActiveActorAccess.cs","MiniRPG.Shared\Core\Data\ActiveActorAccess.cs","24","False"
"GridInventory","class","30","MiniRPG.Shared\Core\Data\GridInventory.cs","MiniRPG.Shared\Core\Data\GridInventory.cs","40","False"
"InputFocus","enum","30","Module\InputModule.cs","Module\InputModule.cs","6","False"
"TerrainDef","class","30","MiniRPG.Shared\Core\World\TerrainDef.cs","MiniRPG.Shared\Core\World\TerrainDef.cs","13","False"
"ProfilingClock","class","31","MiniRPG.Shared\Core\AI\AIProfiling.cs","MiniRPG.Shared\Core\AI\AIProfiling.cs","103","False"
"RichTooltipLayer","class","31","Module\Panel\RichTooltipLayer.cs","Module\Panel\RichTooltipLayer.cs","22","True"
"SettingsPanelTextResolver","class","31","Module\Panel\SettingsPanelTextResolver.cs","Module\Panel\SettingsPanelTextResolver.cs","13","False"
"WorldSettings","class","31","MiniRPG.Shared\Core\Map\WorldStore.cs","MiniRPG.Shared\Core\Map\WorldStore.cs","11","False"
"WorkTicket","class","33","MiniRPG.Shared\Core\Data\FacilityModels.cs","MiniRPG.Shared\Core\Data\FacilityModels.cs","411","False"
"ActiveSessionKind","enum","34","MiniRPG.Shared\Module\GameSessionModule.cs","MiniRPG.Shared\Module\GameSessionModule.cs","39","False"
"ItemTags","class","34","MiniRPG.Shared\Core\Data\Const.cs","MiniRPG.Shared\Core\Data\Const.cs","130","False"
"IUtilityExecutor","interface","34","MiniRPG.Shared\Core\AI\Utility\Executors\IUtilityExecutor.cs","MiniRPG.Shared\Core\AI\Utility\Executors\IUtilityExecutor.cs","5","False"
"MultiplayerSettings","class","34","MiniRPG.Shared\Core\Config\MultiplayerSettings.cs","MiniRPG.Shared\Core\Config\MultiplayerSettings.cs","11","False"
"ResourceCatalogKinds","class","34","Module\Editor\ResourceCatalogStore.cs","Module\Editor\ResourceCatalogStore.cs","124","False"
"StingerType","enum","34","MiniRPG.Shared\Core\Music\StingerBank.cs","MiniRPG.Shared\Core\Music\StingerBank.cs","7","False"
"ValidatedCast","class","34","MiniRPG.Shared\Core\Combat\ActionModule.cs","MiniRPG.Shared\Core\Combat\ActionModule.cs","820","False"
"WeatherRules","class","34","MiniRPG.Shared\Core\Weather\WeatherSystem.cs","MiniRPG.Shared\Core\Weather\WeatherSystem.cs","154","False"
"ItemAmount","class","35","MiniRPG.Shared\Core\Data\FacilityModels.cs","MiniRPG.Shared\Core\Data\FacilityModels.cs","136","False"
"LogModule","class","35","Module\LogModule.cs","Module\LogModule.cs","14","False"
"NeedCatalog","class","35","MiniRPG.Shared\Core\Needs\NeedCatalog.cs","MiniRPG.Shared\Core\Needs\NeedCatalog.cs","10","False"
"Profession","class","35","MiniRPG.Shared\Core\Data\TagSystem.cs","MiniRPG.Shared\Core\Data\TagSystem.cs","87","False"
"DebugPanelModule","class","36","Module\Panel\DebugPanelModule.cs","Module\Panel\DebugPanelModule.cs","12","False"
"PanelManager","class","36","Module\Panel\PanelManager.cs","Module\Panel\PanelManager.cs","11","False"
"FacilityStage","enum","37","MiniRPG.Shared\Core\Data\FacilityModels.cs","MiniRPG.Shared\Core\Data\FacilityModels.cs","10","False"
"ActionModule","class","38","MiniRPG.Shared\Core\Combat\ActionModule.cs","MiniRPG.Shared\Core\Combat\ActionModule.cs","12","False"
"ResourceCatalogRegion","class","39","Module\Editor\ResourceCatalogStore.cs","Module\Editor\ResourceCatalogStore.cs","101","False"
"ScaleType","enum","39","MiniRPG.Shared\Core\Music\MusicTheory.cs","MiniRPG.Shared\Core\Music\MusicTheory.cs","6","False"
"GameSessionModule","class","40","MiniRPG.Shared\Module\GameSessionModule.cs","MiniRPG.Shared\Module\GameSessionModule.cs","24","False"
"WorldLaunchTab","enum","40","MiniRPG.Shared\Core\Map\WorldStore.cs","MiniRPG.Shared\Core\Map\WorldStore.cs","110","False"
"CellEntity","class","41","MiniRPG.Shared\Core\Data\CellEntity.cs","MiniRPG.Shared\Core\Data\CellEntity.cs","31","False"
"FactionRelation","class","41","MiniRPG.Shared\Core\AI\AITypes.cs","MiniRPG.Shared\Core\AI\AITypes.cs","36","False"
"RoomRuntimeModule","class","41","MiniRPG.Shared\Core\Multiplayer\RoomRuntimeModule.cs","MiniRPG.Shared\Core\Multiplayer\RoomRuntimeModule.cs","8","False"
"WeatherIntensity","enum","41","MiniRPG.Shared\Core\Weather\WeatherSystem.cs","MiniRPG.Shared\Core\Weather\WeatherSystem.cs","21","False"
"AppSettingsStore","class","42","MiniRPG.Shared\Core\Config\AppSettingsStore.cs","MiniRPG.Shared\Core\Config\AppSettingsStore.cs","8","False"
"AutoNavigationInterruptPolicy","enum","42","MiniRPG.Shared\Core\Config\AutoNavigationInterruptPolicy.cs","MiniRPG.Shared\Core\Config\AutoNavigationInterruptPolicy.cs","3","False"
"EditorPane","enum","42","App\ResourceCatalogEditor.cs","App\ResourceCatalogEditor.cs","16","False"
"FoodFreshnessStage","enum","42","MiniRPG.Shared\Core\Needs\FoodFreshnessEvaluator.cs","MiniRPG.Shared\Core\Needs\FoodFreshnessEvaluator.cs","9","False"
"MapEditorToolMode","enum","42","Module\Editor\MapEditorSession.cs","Module\Editor\MapEditorSession.cs","23","False"
"ResourceCatalogEntry","class","42","Module\Editor\ResourceCatalogStore.cs","Module\Editor\ResourceCatalogStore.cs","27","False"
"GameDataLocator","class","43","MiniRPG.Shared\Core\Config\GameDataLocator.cs","MiniRPG.Shared\Core\Config\GameDataLocator.cs","11","False"
"ItemFormatHelper","class","43","MiniRPG.Shared\Module\Panel\ItemFormatHelper.cs","MiniRPG.Shared\Module\Panel\ItemFormatHelper.cs","12","False"
"ResAccess","class","43","Module\Render\ResAccess.cs","Module\Render\ResAccess.cs","17","False"
"CoordUtil","class","44","MiniRPG.Shared\Core\World\WorldCoord.cs","MiniRPG.Shared\Core\World\WorldCoord.cs","40","False"
"HealthSystem","class","44","MiniRPG.Shared\Core\Health\HealthSystem.cs","MiniRPG.Shared\Core\Health\HealthSystem.cs","8","False"
"WorldToolCategory","enum","44","Module\WorldTool\WorldToolModels.cs","Module\WorldTool\WorldToolModels.cs","13","False"
"InventoryModule","class","45","MiniRPG.Shared\Core\Data\InventoryModule.cs","MiniRPG.Shared\Core\Data\InventoryModule.cs","56","False"
"NeedIds","class","45","MiniRPG.Shared\Core\Needs\NeedModels.cs","MiniRPG.Shared\Core\Needs\NeedModels.cs","6","False"
"SaveModule","class","45","MiniRPG.Shared\Core\Map\SaveModule.cs","MiniRPG.Shared\Core\Map\SaveModule.cs","25","False"
"TimelinePlayerActionType","enum","45","MiniRPG.Shared\Core\Combat\TimelineTurnManager.cs","MiniRPG.Shared\Core\Combat\TimelineTurnManager.cs","12","False"
"CharacterGeometryProfiles","class","46","App\RuntimeUi\CharacterGeometryProfiles.cs","App\RuntimeUi\CharacterGeometryProfiles.cs","16","False"
"ItemCategories","class","46","MiniRPG.Shared\Core\Data\Const.cs","MiniRPG.Shared\Core\Data\Const.cs","116","False"
"SkillCastFailureReason","enum","46","MiniRPG.Shared\Core\Combat\SkillCasting.cs","MiniRPG.Shared\Core\Combat\SkillCasting.cs","13","False"
"IsometricVoxelRenderer","class","47","Module\Render\IsometricVoxelRenderer.cs;Module\Render\IsometricVoxelRenderer.HoverHighlight.cs","Module\Render\IsometricVoxelRenderer.cs","21","True"
"PlayerCreationOptions","class","47","MiniRPG.Shared\Core\Data\PlayerCreationOptions.cs","MiniRPG.Shared\Core\Data\PlayerCreationOptions.cs","3","False"
"WeatherScreenFxMode","enum","47","Module\Render\WeatherScreenFxResolver.cs","Module\Render\WeatherScreenFxResolver.cs","7","False"
"IPanel","interface","48","Module\Panel\IPanel.cs","Module\Panel\IPanel.cs","30","False"
"SettingsTab","enum","49","Module\Panel\SettingsFlowCoordinator.cs","Module\Panel\SettingsFlowCoordinator.cs","12","False"
"WorldToolMode","enum","49","Module\WorldTool\WorldToolModels.cs","Module\WorldTool\WorldToolModels.cs","6","False"
"Main","class","50","App\Main.ActorMotion.cs;App\Main.AltLabelOverlay.cs;App\Main.Audio.cs;App\Main.AutoNavigation.cs;App\Main.AutoTest.cs;App\Main.AutoTestCli.cs;App\Main.Chest.cs;App\Main.Command.cs;App\Main.cs;App\Main.GameplayInput.cs;App\Main.Inspect.cs;App\Main.Localization.cs;App\Main.MapAndCamera.cs;App\Main.MapEditor.cs;App\Main.Multiplayer.cs;App\Main.PanelLauncher.cs;App\Main.Panels.cs;App\Main.SessionFlow.cs;App\Main.Settings.cs;App\Main.Skill.cs;App\Main.Startup.cs;App\Main.Targeting.cs;App\Main.Timeline.cs;App\Main.UiMode.cs;App\Main.Wiring.cs;App\Main.WorldTool.cs","App\Main.ActorMotion.cs","11","True"
"FacilityInstance","class","52","MiniRPG.Shared\Core\Data\FacilityModels.cs","MiniRPG.Shared\Core\Data\FacilityModels.cs","453","False"
"StatusTab","enum","53","Module\Panel\StatusModule.cs","Module\Panel\StatusModule.cs","9","False"
"FireSystem","class","54","MiniRPG.Shared\Core\Health\FireSystem.cs","MiniRPG.Shared\Core\Health\FireSystem.cs","13","False"
"MusicParams","class","54","MiniRPG.Shared\Core\Music\MusicParams.cs","MiniRPG.Shared\Core\Music\MusicParams.cs","6","False"
"SimDetail","enum","55","MiniRPG.Shared\Core\AI\AITypes.cs","MiniRPG.Shared\Core\AI\AITypes.cs","6","False"
"sockaddr_storage","struct","55","MiniRPG.Shared\Vendor\ENet\plugins\NativeSockets\Shared\include\sockaddr_storage.cs","MiniRPG.Shared\Vendor\ENet\plugins\NativeSockets\Shared\include\sockaddr_storage.cs","11","False"
"FaceCustomizationData","class","56","MiniRPG.Shared\Core\Data\FaceCustomizationData.cs","MiniRPG.Shared\Core\Data\FaceCustomizationData.cs","11","False"
"MapEditorBrushCategory","enum","56","Module\Editor\MapEditorSession.cs","Module\Editor\MapEditorSession.cs","16","False"
"SkillTargetType","enum","56","MiniRPG.Shared\Core\Combat\SkillCasting.cs","MiniRPG.Shared\Core\Combat\SkillCasting.cs","5","False"
"CloseFlags","enum","57","App\RuntimeUi\ModalStateController.cs","App\RuntimeUi\ModalStateController.cs","21","False"
"PlayerActionOutcome","enum","57","MiniRPG.Shared\Core\Combat\TimelineTurnManager.cs","MiniRPG.Shared\Core\Combat\TimelineTurnManager.cs","266","False"
"IHost","interface","58","Module\Panel\ChestPanelModule.cs;Module\Panel\DebugPanelModule.cs;Module\Panel\GroundPanelModule.cs","Module\Panel\ChestPanelModule.cs","13","False"
"Limb","class","58","MiniRPG.Shared\Core\Data\TagSystem.cs","MiniRPG.Shared\Core\Data\TagSystem.cs","21","False"
"Race","class","61","MiniRPG.Shared\Core\Data\TagSystem.cs","MiniRPG.Shared\Core\Data\TagSystem.cs","75","False"
"Caps","class","62","MiniRPG.Shared\Core\Data\Const.cs","MiniRPG.Shared\Core\Data\Const.cs","66","False"
"NeedSystem","class","63","MiniRPG.Shared\Core\Needs\NeedSystem.cs","MiniRPG.Shared\Core\Needs\NeedSystem.cs","9","False"
"IsoCoordUtil","class","64","Module\Render\IsoCoordUtil.cs","Module\Render\IsoCoordUtil.cs","24","False"
"PartyModule","class","64","MiniRPG.Shared\Core\Data\PartyModule.cs","MiniRPG.Shared\Core\Data\PartyModule.cs","44","False"
"Source","enum","64","MiniRPG.Shared\Core\Trade\TradeModule.cs","MiniRPG.Shared\Core\Trade\TradeModule.cs","20","False"
"ENetProtocol","struct","66","MiniRPG.Shared\Vendor\ENet\include\protocol.cs","MiniRPG.Shared\Vendor\ENet\include\protocol.cs","168","False"
"PlayerVisionBand","enum","67","MiniRPG.Shared\Module\Render\FogOfWarTracker.cs","MiniRPG.Shared\Module\Render\FogOfWarTracker.cs","7","False"
"FacilityRotation","enum","71","MiniRPG.Shared\Core\Data\FacilityModels.cs","MiniRPG.Shared\Core\Data\FacilityModels.cs","19","False"
"UtilityEvalResult","class","71","MiniRPG.Shared\Core\AI\Utility\UtilityEvalResult.cs","MiniRPG.Shared\Core\AI\Utility\UtilityEvalResult.cs","5","False"
"GameLocalizer","class","72","MiniRPG.Shared\Core\Config\GameLocalizer.cs","MiniRPG.Shared\Core\Config\GameLocalizer.cs","8","False"
"HitZone","enum","72","Module\Editor\ResourcePreviewControl.cs","Module\Editor\ResourcePreviewControl.cs","24","False"
"Factions","class","73","MiniRPG.Shared\Core\Data\Const.cs","MiniRPG.Shared\Core\Data\Const.cs","4","False"
"ClientCommand","record","74","MiniRPG.Shared\Core\Multiplayer\Protocol.cs","MiniRPG.Shared\Core\Multiplayer\Protocol.cs","133","False"
"HealthConditionIds","class","74","MiniRPG.Shared\Core\Health\HealthModels.cs","MiniRPG.Shared\Core\Health\HealthModels.cs","6","False"
"CellEntityType","enum","75","MiniRPG.Shared\Core\Data\CellEntity.cs","MiniRPG.Shared\Core\Data\CellEntity.cs","12","False"
"WorldMap","class","77","MiniRPG.Shared\Core\World\WorldMap.cs","MiniRPG.Shared\Core\World\WorldMap.cs","12","False"
"InteractionDef","class","79","MiniRPG.Shared\Core\Data\InteractionDef.cs","MiniRPG.Shared\Core\Data\InteractionDef.cs","12","False"
"FacePartCategory","enum","81","MiniRPG.Shared\Core\Data\FacePartCatalog.cs","MiniRPG.Shared\Core\Data\FacePartCatalog.cs","13","False"
"WeatherType","enum","81","MiniRPG.Shared\Core\Weather\WeatherSystem.cs","MiniRPG.Shared\Core\Weather\WeatherSystem.cs","10","False"
"Perception","class","82","MiniRPG.Shared\Core\AI\AITypes.cs","MiniRPG.Shared\Core\AI\AITypes.cs","13","False"
"WinSock2","class","85","MiniRPG.Shared\Vendor\ENet\plugins\NativeSockets\Shared\include\WinSock2.cs","MiniRPG.Shared\Vendor\ENet\plugins\NativeSockets\Shared\include\WinSock2.cs","11","False"
"CombatModule","class","88","MiniRPG.Shared\Core\Combat\CombatModule.cs","MiniRPG.Shared\Core\Combat\CombatModule.cs","8","False"
"GameConfig","class","90","MiniRPG.Shared\Core\Config\GameConfig.cs","MiniRPG.Shared\Core\Config\GameConfig.cs","8","False"
"SaveLoadStatus","enum","94","MiniRPG.Shared\Core\Map\SaveSnapshot.cs","MiniRPG.Shared\Core\Map\SaveSnapshot.cs","14","False"
"TimelinePlayerAction","class","95","MiniRPG.Shared\Core\Combat\TimelineTurnManager.cs","MiniRPG.Shared\Core\Combat\TimelineTurnManager.cs","38","False"
"AwarenessState","enum","101","MiniRPG.Shared\Core\Data\Actor.cs","MiniRPG.Shared\Core\Data\Actor.cs","9","False"
"ClientCommandKind","enum","102","MiniRPG.Shared\Core\Multiplayer\Protocol.cs","MiniRPG.Shared\Core\Multiplayer\Protocol.cs","7","False"
"Result","struct","105","MiniRPG.Shared\Core\Debug\DebugModule.cs;MiniRPG.Shared\Core\Genetics\GeneModificationService.cs","MiniRPG.Shared\Core\Debug\DebugModule.cs","14","False"
"PresetDB","class","116","MiniRPG.Shared\Core\Data\PresetDB.cs","MiniRPG.Shared\Core\Data\PresetDB.cs","208","False"
"ENet","class","117","MiniRPG.Shared\Vendor\ENet\c\compress.cs;MiniRPG.Shared\Vendor\ENet\include\enet.cs;MiniRPG.Shared\Vendor\ENet\include\protocol.cs;MiniRPG.Shared\Vendor\ENet\include\time.cs;MiniRPG.Shared\Vendor\ENet\include\utility.cs;MiniRPG.Shared\Vendor\ENet\include\win32.cs","MiniRPG.Shared\Vendor\ENet\c\compress.cs","9","True"
"InputBindingContext","enum","117","Module\InputBindingService.cs","Module\InputBindingService.cs","10","False"
"SettingsPanelRowId","enum","126","Module\Panel\SettingsPanelSelectionModel.cs","Module\Panel\SettingsPanelSelectionModel.cs","7","False"
"DebugModule","class","127","MiniRPG.Shared\Core\Debug\DebugModule.cs","MiniRPG.Shared\Core\Debug\DebugModule.cs","10","False"
"ServerActionResult","class","141","MiniRPG.Shared\Module\ServerActionGateway.cs","MiniRPG.Shared\Module\ServerActionGateway.cs","17","False"
"Entities","class","142","MiniRPG.Shared\Core\Data\Const.cs","MiniRPG.Shared\Core\Data\Const.cs","12","False"
"IdentificationModule","class","149","MiniRPG.Shared\Core\Data\IdentificationModule.cs","MiniRPG.Shared\Core\Data\IdentificationModule.cs","7","False"
"UIColors","class","152","Module\Panel\UIColors.cs","Module\Panel\UIColors.cs","14","False"
"TerrainRegistry","class","159","MiniRPG.Shared\Core\World\TerrainDef.cs","MiniRPG.Shared\Core\World\TerrainDef.cs","39","False"
"ChunkData","class","179","MiniRPG.Shared\Core\World\ChunkData.cs","MiniRPG.Shared\Core\World\ChunkData.cs","10","False"
"ActorModule","class","182","MiniRPG.Shared\Core\Data\ActorModule.cs","MiniRPG.Shared\Core\Data\ActorModule.cs","10","False"
"ErrorCode","enum","201","MiniRPG.Shared\Core\Multiplayer\Protocol.cs","MiniRPG.Shared\Core\Multiplayer\Protocol.cs","77","False"
"ActionExecutionResult","class","217","MiniRPG.Shared\Core\Combat\SkillCasting.cs","MiniRPG.Shared\Core\Combat\SkillCasting.cs","28","False"
"Room","class","224","MiniRPG.Shared\Core\World\Generators\RoomCorridorGenerator.cs","MiniRPG.Shared\Core\World\Generators\RoomCorridorGenerator.cs","216","False"
"Terrains","class","251","MiniRPG.Shared\Core\Data\Const.cs","MiniRPG.Shared\Core\Data\Const.cs","31","False"
"Item","class","403","MiniRPG.Shared\Core\Data\Item.cs","MiniRPG.Shared\Core\Data\Item.cs","10","False"
"GameEvent","class","424","MiniRPG.Shared\Core\Data\GameEvent.cs","MiniRPG.Shared\Core\Data\GameEvent.cs","14","False"
"GameState","class","840","MiniRPG.Shared\Core\Data\GameState.cs","MiniRPG.Shared\Core\Data\GameState.cs","21","False"
"Actor","class","937","MiniRPG.Shared\Core\Data\Actor.cs","MiniRPG.Shared\Core\Data\Actor.cs","21","False"
"LocalizationService","class","1122","MiniRPG.Shared\Core\Config\LocalizationService.cs","MiniRPG.Shared\Core\Config\LocalizationService.cs","8","False"
"ENetSymbol","struct","4111","MiniRPG.Shared\Vendor\ENet\include\compress.cs","MiniRPG.Shared\Vendor\ENet\include\compress.cs","7","False"
